round,draw_date,n1,n2,n3,n4,n5,n6,bonus,first_winners,first_prize,total_sales
1,2002-12-07,10,23,29,33,37,40,16,1,143934100,3681782000
2,2002-12-14,9,13,21,25,32,42,2,1,2002006800,4904274000
3,2002-12-21,11,16,19,21,27,31,30,1,2000000000,4729342000
4,2002-12-28,14,27,30,31,40,42,2,1,211191200,5271464000
5,2003-01-04,16,24,29,40,41,42,3,42,6033800,6277102000
6,2003-01-11,14,15,26,27,40,42,34,1,6574451700,15305356000
7,2003-01-18,2,9,16,25,26,40,42,9,48165000,12794890000
8,2003-01-25,8,19,25,34,37,39,9,6,131555000,20751450000
9,2003-02-01,2,4,16,17,36,39,14,4,769456500,73624020000
10,2003-02-08,9,25,30,33,41,44,6,13,6430437900,260856392000
11,2003-02-15,1,7,36,37,41,42,14,5,4780152300,91925306000
12,2003-02-22,2,11,21,25,39,45,44,12,1348845700,76255508000
13,2003-03-01,22,23,25,37,38,42,26,6,433309300,66532136000
14,2003-03-08,2,6,12,31,33,40,15,4,9375048300,99838648000
15,2003-03-15,3,4,16,30,31,37,13,1,17014245000,73264910000
16,2003-03-22,6,7,24,37,38,40,33,4,4377146100,75777348000
17,2003-03-29,3,4,9,17,32,37,1,3,5349491200,72718152000
18,2003-04-05,3,12,13,19,32,35,29,15,175017300,66371660000
19,2003-04-12,6,30,38,39,40,43,26,1,40722959400,105957818000
20,2003-04-19,10,14,18,20,23,30,41,1,19352212800,81056776000
21,2003-04-26,6,12,17,18,31,32,21,23,797475400,84247142000
22,2003-05-03,4,5,6,8,17,39,25,4,4552194900,79455152000
23,2003-05-10,5,13,17,18,33,42,44,4,4317947700,77374256000
24,2003-05-17,7,8,27,29,36,43,6,18,176023700,78486634000
25,2003-05-24,2,4,21,26,43,44,16,2,24227745300,120073768000
26,2003-05-31,4,5,7,18,20,25,31,5,3495069900,80193026000
27,2003-06-07,1,20,26,28,37,43,27,2,9543982500,76145050000
28,2003-06-14,9,18,23,25,35,37,1,10,1700361100,75448366000
29,2003-06-21,1,5,13,34,39,40,11,5,3552594000,74523120000
30,2003-06-28,8,17,20,35,36,44,4,2,8728555500,72399690000
31,2003-07-05,7,9,18,23,28,35,32,2,8106672900,71317306000
32,2003-07-12,6,14,19,25,34,44,11,10,1634528300,71179198000
33,2003-07-19,4,7,32,33,40,41,9,1,14903517600,67457252000
34,2003-07-26,9,26,35,37,40,42,2,5,3056918000,69389894000
35,2003-08-02,2,3,11,26,37,43,39,3,5054598200,66143062000
36,2003-08-09,1,10,23,26,28,40,31,1,16014475800,66856686000
37,2003-08-16,7,27,30,33,35,37,42,3,4985999400,65509794000
38,2003-08-23,16,17,22,30,37,43,36,3,5374866400,67369284000
39,2003-08-30,6,7,13,15,21,43,8,6,2623748800,66094476000
40,2003-09-06,7,13,18,19,25,26,6,13,1147652400,65699086000
41,2003-09-13,13,20,23,35,38,43,34,21,109404000,57624562000
42,2003-09-20,17,18,19,21,23,32,1,6,6899280100,119909740000
43,2003-09-27,6,31,35,38,39,44,1,1,17749630800,74686296000
44,2003-10-04,3,11,21,30,38,45,39,5,3362155800,69956950000
45,2003-10-11,1,10,20,27,33,35,17,2,8356417800,71216232000
46,2003-10-18,8,13,15,23,31,38,39,3,5327758800,68181568000
47,2003-10-25,14,17,26,31,36,45,27,5,3250042400,67756694000
48,2003-11-01,6,10,18,26,37,38,3,6,2415673600,65806832000
49,2003-11-08,4,7,16,19,33,40,30,7,1967504600,64501142000
50,2003-11-15,2,10,12,15,22,44,1,3,5227061400,65563234000
51,2003-11-22,2,3,11,16,26,44,35,6,2421117000,62553680000
52,2003-11-29,2,4,15,16,20,29,1,4,3900844900,64393446000
53,2003-12-06,7,8,14,32,33,39,42,3,5014371000,64996010000
54,2003-12-13,1,8,21,27,36,39,37,3,5148626600,63833006000
55,2003-12-20,17,21,31,37,40,44,7,2,7088799600,62195764000
56,2003-12-27,10,14,30,31,33,37,19,4,3777570900,65258932000
57,2004-01-03,7,10,16,25,29,44,6,4,4114411900,70132666000
58,2004-01-10,10,24,25,33,40,44,1,4,3676429200,66638136000
59,2004-01-17,6,29,36,39,41,45,13,4,4127587300,67563698000
60,2004-01-24,2,8,25,36,39,42,11,7,2172504600,65405936000
61,2004-01-31,14,15,19,30,38,43,8,5,3541038800,73312994000
62,2004-02-07,3,8,15,27,29,35,21,1,15817286400,66740368000
63,2004-02-14,3,20,23,36,38,40,5,2,7922245500,67074050000
64,2004-02-21,14,15,18,21,26,36,39,4,3899818000,65085154000
65,2004-02-28,4,25,33,36,40,43,39,4,3727945800,66685144000
66,2004-03-06,2,3,7,17,22,24,45,4,3685138200,63378796000
67,2004-03-13,3,7,10,15,36,38,33,7,2114436500,64314872000
68,2004-03-20,10,12,15,16,26,39,38,5,2945882100,63813236000
69,2004-03-27,5,8,14,15,19,39,35,3,4962712200,63711302000
70,2004-04-03,5,19,22,25,28,43,26,3,5031277800,63232578000
71,2004-04-10,5,9,12,16,29,41,21,28,88745200,62889986000
72,2004-04-17,2,4,11,17,26,27,1,13,3260524600,125651214000
73,2004-04-24,3,12,18,32,40,43,38,6,2766662100,72635862000
74,2004-05-01,6,15,17,18,35,40,23,3,5284949800,68902158000
75,2004-05-08,2,5,24,32,34,44,28,4,3914616900,66138372000
76,2004-05-15,1,3,15,22,25,37,43,2,7451022600,65083924000
77,2004-05-22,2,18,29,32,43,44,37,3,5155758600,64420666000
78,2004-05-29,10,13,25,29,33,35,38,4,3519850000,61257794000
79,2004-06-05,3,12,24,27,30,32,14,4,3416443800,60390004000
80,2004-06-12,17,18,24,25,26,30,1,1,13809540000,60160440000
81,2004-06-19,5,7,11,13,20,33,6,5,2714288880,60983308000
82,2004-06-26,1,2,3,14,27,42,39,1,14562494400,61302808000
83,2004-07-03,6,10,15,17,19,34,14,2,7086948300,62512062000
84,2004-07-10,16,23,27,34,42,45,11,2,7669779000,62780760000
85,2004-07-17,6,8,13,23,31,36,21,4,3462109800,59451304000
86,2004-07-24,2,12,37,39,41,45,33,1,14252186400,59835968000
87,2004-07-31,4,12,16,23,34,43,26,11,1799358055,83793642000
88,2004-08-07,1,17,20,24,30,41,27,4,3069709650,51910612000
89,2004-08-14,4,26,28,29,33,40,37,3,4248321900,55102179000
90,2004-08-21,17,20,29,35,38,44,10,4,3291435300,55493544000
91,2004-08-28,1,21,24,26,29,42,27,4,3582902400,59061052000
92,2004-09-04,3,14,24,33,35,36,17,11,1233270846,58296001000
93,2004-09-11,6,22,24,36,38,44,19,6,2269178150,57236313000
94,2004-09-18,5,32,34,40,41,45,6,6,2245339950,57144729000
95,2004-09-25,8,17,27,31,34,43,14,8,1747741238,60077493000
96,2004-10-02,1,3,8,21,22,31,20,7,1847133515,54217572000
97,2004-10-09,6,7,14,15,20,36,3,9,1496214000,57713200000
98,2004-10-16,6,9,16,23,24,32,43,4,3177972300,56231084000
99,2004-10-23,1,3,10,27,29,37,11,6,2169219050,56207491000
100,2004-10-30,1,7,11,23,37,42,6,4,3315315525,56561977000
101,2004-11-06,1,3,17,32,35,45,8,5,2707297500,57585065000
102,2004-11-13,17,22,24,26,35,40,42,9,1457153067,56937962000
103,2004-11-20,5,14,15,27,30,45,10,8,1691589563,57420615000
104,2004-11-27,17,32,33,34,42,44,35,2,6610743750,56533705000
105,2004-12-04,8,10,20,34,41,45,28,4,3416781450,57479716000
106,2004-12-11,4,10,12,22,24,33,29,16,810461157,57384485000
107,2004-12-18,1,4,5,6,9,31,17,2,6679927800,57545202000
108,2004-12-25,7,18,22,23,29,44,12,7,1998900772,58875228000
109,2005-01-01,1,5,34,36,42,44,33,12,1246838200,62584098000
110,2005-01-08,7,20,22,23,29,43,1,3,4566262000,57625490000
111,2005-01-15,7,18,31,33,36,40,27,6,2199047450,57876999000
112,2005-01-22,26,29,30,33,41,42,43,9,1567271167,59292005000
113,2005-01-29,4,9,28,33,36,45,26,9,1561528934,59258248000
114,2005-02-05,11,14,19,26,28,41,2,6,2362345050,60079401000
115,2005-02-12,1,2,6,9,25,28,31,9,1488589567,59130557000
116,2005-02-19,2,4,25,31,34,37,17,7,1997747315,61606084000
117,2005-02-26,5,10,22,34,36,44,35,9,1558378334,59429610000
118,2005-03-05,3,4,10,17,19,22,38,10,1297989720,57171934000
119,2005-03-12,3,11,13,14,17,21,38,9,1474899400,57800632000
120,2005-03-19,4,6,10,11,32,37,30,3,4364530300,57418983000
121,2005-03-26,12,28,30,34,38,43,9,2,6839648100,57134544000
122,2005-04-02,1,11,16,17,36,40,8,9,1450073800,56171704000
123,2005-04-09,7,17,18,28,30,45,27,5,2532982680,54097448000
124,2005-04-16,4,16,23,25,29,42,1,9,1395936267,54180838000
125,2005-04-23,2,8,32,33,35,36,18,7,1754870786,53149705000
126,2005-04-30,7,20,22,27,40,43,1,9,1369301500,52748965000
127,2005-05-07,3,5,10,29,32,43,35,6,1965939150,50752603000
128,2005-05-14,12,30,34,36,37,45,39,6,2064043100,52310392000
129,2005-05-21,19,23,25,28,38,42,17,11,1093629655,51555754000
130,2005-05-28,7,19,24,27,42,45,31,4,3036496650,51359012000
131,2005-06-04,8,10,11,14,15,21,37,8,1451214488,50231773000
132,2005-06-11,3,17,23,34,41,45,43,4,2920473525,49921897000
133,2005-06-18,4,7,15,18,23,26,13,8,1450242600,50889926000
134,2005-06-25,3,12,20,23,31,35,43,5,2349155100,50445575000
135,2005-07-02,6,14,22,28,35,39,16,7,1717293515,51062672000
136,2005-07-09,2,16,30,36,41,42,11,6,1997694150,51144633000
137,2005-07-16,7,9,20,25,36,39,15,9,1270403467,49978654000
138,2005-07-23,10,11,27,28,37,39,19,5,2227152000,47688450000
139,2005-07-30,9,11,15,20,28,43,13,7,1650210215,48371085000
140,2005-08-06,3,13,17,18,19,28,8,5,2109462840,45983464000
141,2005-08-13,8,12,29,31,42,43,2,6,1900552400,48016958000
142,2005-08-20,12,16,30,34,40,44,19,11,1018265564,48012844000
143,2005-08-27,26,27,28,42,43,45,8,3,3954584700,49415357000
144,2005-09-03,4,15,17,26,36,37,43,8,1402440413,49202521000
145,2005-09-10,2,3,13,20,27,44,9,3,3797838200,48913832000
146,2005-09-17,2,19,27,35,41,42,25,2,6043415250,50677555000
147,2005-09-24,4,6,13,21,40,42,36,7,1700040215,50345605000
148,2005-10-01,21,25,33,34,35,36,17,5,2323596420,49523247000
149,2005-10-08,2,11,21,34,41,42,27,7,1639052143,48406950000
150,2005-10-15,2,18,25,28,37,39,16,4,2831645850,48763778000
151,2005-10-22,1,2,10,13,18,19,15,4,2716634025,47357067000
152,2005-10-29,1,5,13,26,29,34,43,5,2278131840,48180334000
153,2005-11-05,3,8,11,12,13,36,33,4,2730526125,47777735000
154,2005-11-12,6,19,21,35,40,45,20,4,2836628700,48022386000
155,2005-11-19,16,19,20,32,33,41,4,9,1193005734,46140202000
156,2005-11-26,5,18,28,30,42,45,2,8,1401099900,47344584000
157,2005-12-03,19,26,30,33,35,39,37,2,5484903750,46853365000
158,2005-12-10,4,9,13,18,21,34,7,10,1069544340,46368888000
159,2005-12-17,1,18,30,41,42,43,32,6,1755407300,44311926000
160,2005-12-24,3,7,8,34,39,41,1,2,5490805350,46833239000
161,2005-12-31,22,34,36,40,42,45,44,7,1996876272,53096453000
162,2006-01-07,1,5,21,25,38,41,24,5,2308265760,49050086000
163,2006-01-14,7,11,26,28,29,44,16,7,1629726515,49018952000
164,2006-01-21,6,9,10,11,39,41,27,3,4054937900,53052119000
165,2006-01-28,5,13,18,19,22,42,31,2,6767426700,58088118000
166,2006-02-04,9,12,27,36,39,45,14,11,1111299982,52157466000
167,2006-02-11,24,27,28,30,36,39,4,5,2491222920,52744392000
168,2006-02-18,3,10,31,40,42,43,30,5,2349946920,51496212000
169,2006-02-25,16,27,35,37,43,45,19,5,2482888380,52076183000
170,2006-03-04,2,11,13,15,31,42,10,6,1923108250,49718245000
171,2006-03-11,4,16,25,29,34,35,1,6,1961339700,50357474000
172,2006-03-18,4,19,21,24,26,41,35,11,1081154073,50758266000
173,2006-03-25,3,9,24,30,33,34,18,8,1487736788,52286521000
174,2006-04-01,13,14,18,22,35,39,16,7,1771103058,52340568000
175,2006-04-08,19,26,28,31,33,36,17,5,2371132620,50895147000
176,2006-04-15,4,17,30,32,33,34,15,5,2314663080,50488528000
177,2006-04-22,1,10,13,16,37,43,6,7,1693285500,50480325000
178,2006-04-29,1,5,11,12,18,23,9,5,2254621080,49582758000
179,2006-05-06,5,9,17,25,39,43,32,10,1081093920,47291694000
180,2006-05-13,2,15,20,21,29,34,22,2,5763371550,48895477000
181,2006-05-20,14,21,23,32,40,45,44,6,1941763300,49124446000
182,2006-05-27,13,15,27,29,34,40,35,3,3721439400,47222594000
183,2006-06-03,2,18,24,34,40,42,5,6,1777221500,45938460000
184,2006-06-10,1,2,6,16,20,33,41,6,1747753050,45503351000
185,2006-06-17,1,2,4,8,19,38,14,3,3522485800,45783088000
186,2006-06-24,4,10,14,19,21,45,9,9,1187882600,45484428000
187,2006-07-01,1,2,8,18,29,38,42,7,1544733900,45855961000
188,2006-07-08,19,24,27,30,31,34,36,3,3501405200,45176242000
189,2006-07-15,8,14,32,35,37,45,28,3,3461775100,43650551000
190,2006-07-22,8,14,18,30,31,44,15,6,1784159450,44864459000
191,2006-07-29,5,6,24,25,32,37,8,4,2577114675,44534869000
192,2006-08-05,4,8,11,18,37,45,33,4,2445348375,42035065000
193,2006-08-12,6,14,18,26,36,39,13,3,3404449700,43788477000
194,2006-08-19,15,20,23,26,39,44,28,4,2650567875,44511515000
195,2006-08-26,7,10,19,22,35,40,31,11,918992591,44374725000
196,2006-09-02,35,36,37,41,44,45,30,15,727876520,45773496000
197,2006-09-09,7,12,16,34,42,45,4,6,1803018300,45993306000
198,2006-09-16,12,19,20,25,41,45,2,6,1797855050,45614021000
199,2006-09-23,14,21,22,25,30,36,43,2,5344252200,45021068000
200,2006-09-30,5,6,13,14,17,20,7,8,1344616613,46640423000
201,2006-10-07,3,11,24,38,39,44,26,1,9719465400,42254768000
202,2006-10-14,12,14,27,33,39,44,17,6,1893391700,48304034000
203,2006-10-21,1,3,11,24,30,32,7,5,2164564740,47033359000
204,2006-10-28,3,12,14,35,40,45,5,8,1358347125,46077750000
205,2006-11-04,1,3,21,29,35,37,30,6,1835221800,46330516000
206,2006-11-11,1,2,3,15,20,25,43,5,2032859340,44326979000
207,2006-11-18,3,11,14,31,32,37,38,5,2104673760,45282336000
208,2006-11-25,14,25,31,34,40,44,24,6,1760767400,45516378000
209,2006-12-02,2,7,18,20,24,33,37,6,1660896350,43753377000
210,2006-12-09,10,19,22,23,25,37,39,2,5139085950,44757963000
211,2006-12-16,12,13,17,20,33,41,8,10,1035800250,45332675000
212,2006-12-23,11,12,18,21,31,38,8,4,2660747250,46139120000
213,2006-12-30,2,3,4,5,20,24,42,8,1376678025,48745094000
214,2007-01-06,5,7,20,25,28,37,32,8,1406980875,49195740000
215,2007-01-13,2,3,7,15,43,44,4,7,1587689615,47675761000
216,2007-01-20,7,16,17,33,36,40,1,13,848506108,48342018000
217,2007-01-27,16,20,27,33,35,39,38,7,1611246172,48260644000
218,2007-02-03,1,8,14,18,29,44,20,4,2779075800,47018314000
219,2007-02-10,4,11,20,26,35,37,16,9,1208409167,46903745000
220,2007-02-17,5,11,19,21,34,43,31,6,1958094950,50383399000
221,2007-02-24,2,20,33,35,37,40,10,6,1800104250,47674135000
222,2007-03-03,5,7,28,29,39,43,44,5,2275193820,47735197000
223,2007-03-10,1,3,18,20,26,27,38,7,1498170600,46036874000
224,2007-03-17,4,19,26,27,30,42,7,6,1808969950,46435109000
225,2007-03-24,5,11,13,19,31,36,7,6,1777201800,46352016000
226,2007-03-31,2,6,8,14,21,22,34,6,1744100150,45145643000
227,2007-04-07,4,5,15,16,22,42,2,2,5253542400,44444776000
228,2007-04-14,17,25,35,36,39,44,23,9,1146700334,44764100000
229,2007-04-21,4,5,9,11,23,38,35,7,1451441100,44762989000
230,2007-04-28,5,11,14,29,32,33,12,8,1292929163,44191351000
231,2007-05-05,5,10,19,31,44,45,27,9,1088365900,42355627000
232,2007-05-12,8,9,10,12,24,44,35,9,1110918400,43564632000
233,2007-05-19,4,6,13,17,28,40,39,10,999153750,43516805000
234,2007-05-26,13,21,22,24,26,37,4,4,2519743875,42814085000
235,2007-06-02,21,22,26,27,31,37,8,3,3433330100,43347391000
236,2007-06-09,1,4,8,13,37,39,7,2,5030040150,42941871000
237,2007-06-16,1,11,17,21,24,44,33,7,1440630729,43358287000
238,2007-06-23,2,4,15,28,31,34,35,9,1121660567,42952477000
239,2007-06-30,11,15,24,39,41,44,7,9,1134140167,43296565000
240,2007-07-07,6,10,16,40,41,43,21,2,5098251450,43603443000
241,2007-07-14,2,16,24,27,28,35,21,4,2552016300,43246894000
242,2007-07-21,4,19,20,21,32,34,43,8,1234542375,42679760000
243,2007-07-28,2,12,17,19,28,42,34,4,2408850000,41304830000
244,2007-08-04,13,16,25,36,37,38,19,1,9121583100,39411047000
245,2007-08-11,9,11,27,31,32,38,22,7,1382583129,41854623000
246,2007-08-18,13,18,21,23,26,39,15,5,1911774240,41453154000
247,2007-08-25,12,15,28,36,39,40,13,6,1669313900,42231698000
248,2007-09-01,3,8,17,23,38,45,13,8,1227479363,42348403000
249,2007-09-08,3,8,27,31,41,44,11,6,1663568700,42539134000
250,2007-09-15,19,23,30,37,43,45,38,5,1994726280,42122808000
251,2007-09-22,6,7,19,25,28,38,45,8,1282616400,44493014000
252,2007-09-29,14,23,26,31,39,45,28,7,1391089715,41207920000
253,2007-10-06,8,19,25,31,34,36,33,4,2466189525,42309347000
254,2007-10-13,1,5,19,20,24,30,27,1,9741015900,42259113000
255,2007-10-20,1,5,6,24,27,42,32,6,1598618550,41425341000
256,2007-10-27,4,11,14,21,23,43,32,2,4891017000,41996580000
257,2007-11-03,6,13,27,31,32,37,4,4,2391377025,41433637000
258,2007-11-10,14,27,30,31,38,40,17,4,2426434350,41364428000
259,2007-11-17,4,5,14,35,42,45,34,2,4838533500,40905570000
260,2007-11-24,7,12,15,24,37,40,43,4,2310085575,40140211000
261,2007-12-01,6,11,16,18,31,43,2,3,3192299100,41215041000
262,2007-12-08,9,12,24,25,29,31,36,2,4518741600,39232234000
263,2007-12-15,1,27,28,32,37,40,18,6,1551704900,39677128000
264,2007-12-22,9,16,27,36,41,44,5,7,1344889200,39783178000
265,2007-12-29,5,9,34,37,38,39,12,8,1200838575,40913922000
266,2008-01-05,3,4,9,11,22,42,37,3,3207211700,41937067000
267,2008-01-12,7,8,24,34,36,41,1,3,3257663300,41835853000
268,2008-01-19,3,10,19,24,32,45,12,7,1350954515,41213802000
269,2008-01-26,5,18,20,36,42,43,32,5,1961399940,41357619000
270,2008-02-02,5,9,12,20,21,26,27,5,1927830060,41845351000
271,2008-02-09,3,8,9,27,29,40,36,6,1565918150,40879633000
272,2008-02-16,7,9,12,27,39,43,28,9,1104622800,43310674000
273,2008-02-23,1,8,24,31,34,44,6,3,3339543100,42816211000
274,2008-03-01,13,14,15,26,35,39,25,4,2505085575,42631711000
275,2008-03-08,14,19,20,35,38,40,26,1,10044066900,42329813000
276,2008-03-15,4,15,21,33,39,41,25,3,3312569000,42567610000
277,2008-03-22,10,12,13,15,25,29,20,3,3272627800,41868708000
278,2008-03-29,3,11,37,39,41,43,13,3,3186530000,41088180000
279,2008-04-05,7,16,31,36,37,38,11,5,1914205320,41130542000
280,2008-04-12,10,11,23,24,36,37,35,7,1355258529,40673999000
281,2008-04-19,1,3,4,6,14,41,12,6,1554683200,40800514000
282,2008-04-26,2,5,10,18,31,32,30,7,1322052643,41051175000
283,2008-05-03,6,8,18,31,38,45,42,3,3137224600,40133316000
284,2008-05-10,2,7,15,24,30,45,28,3,3117640300,39773403000
285,2008-05-17,13,33,37,40,41,45,2,3,3164370100,40364871000
286,2008-05-24,1,15,19,40,42,44,17,3,3236566300,40944483000
287,2008-05-31,6,12,24,27,35,37,41,7,1328657100,40623489000
288,2008-06-07,1,12,17,28,35,41,10,4,2357261550,39970134000
289,2008-06-14,3,14,33,37,38,42,10,24,63761694,39406643000
290,2008-06-21,8,13,18,32,39,45,7,13,2149214424,80362302000
291,2008-06-28,3,7,8,18,20,42,45,7,1450585200,44143418000
292,2008-07-05,17,18,31,32,33,34,10,14,720373950,43394631000
293,2008-07-12,1,9,17,21,29,33,24,6,1656764400,42399708000
294,2008-07-19,6,10,17,30,37,38,40,4,2406504975,41563813000
295,2008-07-26,1,4,12,16,18,38,8,26,62969875,42248135000
296,2008-08-02,3,8,15,27,30,45,44,8,3066088275,63377899000
297,2008-08-09,6,11,19,20,28,32,34,2,5056668750,43641475000
298,2008-08-16,5,9,27,29,37,40,19,1,9909778500,43151675000
299,2008-08-23,1,3,20,25,36,45,24,7,1483772529,44463909000
300,2008-08-30,7,9,10,12,26,38,39,12,836092425,44465047000
301,2008-09-06,7,11,13,33,37,43,26,7,1447385015,44377177000
302,2008-09-13,13,19,20,32,38,42,4,2,5472167250,46382605000
303,2008-09-20,2,14,17,30,38,45,43,6,1672749000,42841760000
304,2008-09-27,4,10,16,26,33,41,38,6,1661646150,43158653000
305,2008-10-04,7,8,18,21,23,39,9,5,2008210140,43960659000
306,2008-10-11,4,18,23,30,34,41,19,5,2102669520,44421462000
307,2008-10-18,5,15,21,23,25,45,12,4,2587643250,43880990000
308,2008-10-25,14,15,17,19,37,45,40,1,10232872800,43339416000
309,2008-11-01,1,2,5,11,18,36,22,11,901622946,44157528000
310,2008-11-08,1,5,19,28,34,41,16,8,1296713325,43718082000
311,2008-11-15,4,12,24,27,28,32,10,8,1237691063,43209215000
312,2008-11-22,2,3,5,6,12,20,25,15,629017820,42255391000
313,2008-11-29,9,17,34,35,43,45,2,6,1715422800,43672096000
314,2008-12-06,15,17,19,34,38,41,2,6,1660512200,42328094000
315,2008-12-13,1,13,33,35,43,45,23,8,1308728625,44339180000
316,2008-12-20,10,11,21,27,31,39,43,6,1673586400,44073768000
317,2008-12-27,3,10,11,22,36,39,8,4,2576258550,44135114000
318,2009-01-03,2,17,19,20,34,45,21,9,1207436600,46663728000
319,2009-01-10,5,8,22,28,33,42,37,5,2135659380,45435183000
320,2009-01-17,16,19,23,25,41,45,3,2,5513067900,46659886000
321,2009-01-24,12,18,20,21,25,34,42,6,1959136100,50617982000
322,2009-01-31,9,18,29,32,38,43,20,6,1904544700,48948294000
323,2009-02-07,10,14,15,32,36,42,3,8,1461025388,49209477000
324,2009-02-14,2,4,21,25,33,36,17,6,1865130350,47988317000
325,2009-02-21,7,17,20,32,44,45,33,6,1806122450,46636979000
326,2009-02-28,16,23,25,33,36,39,40,6,1832134550,47224551000
327,2009-03-07,6,12,13,17,32,44,24,12,882674750,45791560000
328,2009-03-14,1,6,9,16,17,28,24,6,1819795900,47316988000
329,2009-03-21,9,17,19,30,35,42,4,6,1830391200,47198504000
330,2009-03-28,3,4,16,17,19,20,23,9,1162280200,45859496000
331,2009-04-04,4,9,14,26,31,44,39,5,2165902620,46641467000
332,2009-04-11,16,17,34,36,42,45,3,8,1359448388,46042557000
333,2009-04-18,5,14,27,30,39,43,35,7,1550987143,46019070000
334,2009-04-25,13,15,21,29,39,43,33,7,1523002972,44439656000
335,2009-05-02,5,9,16,23,26,45,21,5,2037492480,43977478000
336,2009-05-09,3,5,20,34,35,44,16,6,1685632650,43069333000
337,2009-05-16,1,5,14,18,32,37,4,8,1257500513,43432467000
338,2009-05-23,2,13,34,38,42,45,16,3,3383431000,43136020000
339,2009-05-30,6,8,14,21,30,37,45,9,1096778334,42035640000
340,2009-06-06,18,24,26,29,34,38,32,7,1439393186,42892121000
341,2009-06-13,1,8,19,34,39,43,41,7,1497207772,44722448000
342,2009-06-20,1,13,14,33,34,43,25,3,3454095800,43782188000
343,2009-06-27,1,10,17,29,31,43,15,6,1717153000,43656460000
344,2009-07-04,1,2,15,28,34,45,38,7,1467106543,43838886000
345,2009-07-11,15,20,23,29,39,42,2,2,5203577550,43530937000
346,2009-07-18,5,13,14,22,44,45,33,5,2017727340,42862389000
347,2009-07-25,3,8,13,27,32,42,10,7,1456624286,44219740000
348,2009-08-01,3,14,17,20,24,31,34,3,3299994000,42786310000
349,2009-08-08,5,13,14,20,24,25,36,3,3353209000,43433870000
350,2009-08-15,1,8,18,24,29,33,35,9,1101052467,42681094000
351,2009-08-22,5,25,27,29,34,36,33,4,2583357150,43947492000
352,2009-08-29,5,16,17,20,26,41,24,6,1732858250,44719545000
353,2009-09-05,11,16,19,22,29,36,26,2,5290838250,44552925000
354,2009-09-12,14,19,36,43,44,45,1,5,2124464340,44709689000
355,2009-09-19,5,8,29,30,35,44,38,5,2145424800,45017050000
356,2009-09-26,2,8,14,25,29,45,24,9,1157185267,44684958000
357,2009-10-03,10,14,18,21,36,37,5,2,5313394350,45232409000
358,2009-10-10,1,9,10,12,21,40,37,3,3472654900,45651829000
359,2009-10-17,1,10,19,20,24,40,23,8,1286712600,45288256000
360,2009-10-24,4,16,23,25,35,40,27,3,3566716200,45719032000
361,2009-10-31,5,10,16,24,27,35,33,7,1473115115,45062676000
362,2009-11-07,2,3,22,27,30,40,29,6,1729424650,44336363000
363,2009-11-14,11,12,14,21,32,38,6,4,2615910600,44863948000
364,2009-11-21,2,5,7,14,16,40,4,4,2531914800,44192004000
365,2009-11-28,5,15,21,25,26,30,31,1,10697716800,45806066000
366,2009-12-05,5,12,19,26,27,44,38,2,5351553900,45962166000
367,2009-12-12,3,22,25,29,32,44,19,7,1581736586,46459307000
368,2009-12-19,11,21,24,30,39,45,26,7,1465825115,43746046000
369,2009-12-26,17,20,35,36,41,43,21,6,1842177750,46716275000
370,2010-01-02,16,18,24,42,44,45,17,7,1678941943,49762652000
371,2010-01-09,7,9,15,26,27,42,18,7,1524130543,45843166000
372,2010-01-16,8,11,14,16,18,21,13,9,1192593200,46167066000
373,2010-01-23,15,26,37,42,43,45,9,4,2791801125,47095065000
374,2010-01-30,11,13,15,17,25,34,26,2,5528717850,48081319000
375,2010-02-06,4,8,19,25,27,45,7,7,1581284058,47864938000
376,2010-02-13,1,11,13,24,28,40,7,6,1956915800,50657096000
377,2010-02-20,6,22,29,37,43,45,23,3,3912085400,49218434000
378,2010-02-27,5,22,29,31,34,39,43,5,2317698240,48866964000
379,2010-03-06,6,10,22,31,35,40,19,7,1598999786,47537685000
380,2010-03-13,1,2,8,17,26,37,27,4,2684274825,47164371000
381,2010-03-20,1,5,10,12,16,20,11,19,565738895,47943113000
382,2010-03-27,10,15,22,24,27,42,19,6,1846674900,47401288000
383,2010-04-03,4,15,28,33,37,40,25,3,3596522100,46067051000
384,2010-04-10,11,22,24,32,36,38,7,3,3658734200,46888942000
385,2010-04-17,7,12,19,21,29,32,9,7,1542032700,46243483000
386,2010-04-24,4,7,10,19,31,40,26,10,1042953330,45907331000
387,2010-05-01,1,26,31,34,40,43,20,4,2675533500,45459960000
388,2010-05-08,1,8,9,17,29,32,45,4,2545543875,44308705000
389,2010-05-15,7,16,18,20,23,26,3,5,2119027020,45534027000
390,2010-05-22,16,17,28,37,39,40,15,1,10373997900,44189673000
391,2010-05-29,10,11,18,22,28,39,30,1,10508749800,45161516000
392,2010-06-05,1,3,7,8,24,42,43,6,1713528700,45528684000
393,2010-06-12,9,16,28,40,41,43,21,8,1362003975,45989116000
394,2010-06-19,1,13,20,22,25,28,15,1,10654349100,45192337000
395,2010-06-26,11,15,20,26,31,35,7,7,1534635000,46192580000
396,2010-07-03,18,20,31,34,40,45,30,2,5296622400,45463736000
397,2010-07-10,12,13,17,22,25,33,8,3,3499519700,45890007000
398,2010-07-17,10,15,20,23,42,44,7,4,2680625550,45427304000
399,2010-07-24,1,2,9,17,19,42,20,8,1276854975,45551786000
400,2010-07-31,9,21,27,34,41,43,2,4,2669834325,45379731000
401,2010-08-07,6,12,18,31,38,43,9,9,1168214792,43491965000
402,2010-08-14,5,9,15,19,22,36,32,4,2662206188,45002946000
403,2010-08-21,10,14,22,24,28,37,26,5,2122396875,44911335000
404,2010-08-28,5,20,21,24,33,40,36,3,3566659375,45389825000
405,2010-09-04,1,2,10,25,26,44,4,3,3543878000,45220904000
406,2010-09-11,7,12,21,24,27,36,45,5,2156142450,46062206000
407,2010-09-18,6,7,13,16,24,25,1,7,1649707286,48429586000
408,2010-09-25,9,20,21,22,30,37,16,5,2235375825,46406711000
409,2010-10-02,6,9,21,31,32,40,38,4,2896989750,47924584000
410,2010-10-09,1,3,18,32,40,41,16,9,1249335709,47467817000
411,2010-10-16,11,14,22,35,37,39,5,12,953227563,47259122000
412,2010-10-23,4,7,39,41,42,45,40,7,1656199822,47066180000
413,2010-10-30,2,9,15,23,34,40,3,4,2814673500,46925724000
414,2010-11-06,2,14,15,22,23,44,43,1,11703832500,46910990000
415,2010-11-13,7,17,20,26,30,40,24,8,1334182407,46746048000
416,2010-11-20,5,6,8,11,22,26,44,10,1072037100,46854806000
417,2010-11-27,4,5,14,20,22,43,44,4,2818329938,45968256000
418,2010-12-04,11,13,15,26,28,34,31,8,1435649766,47058055000
419,2010-12-11,2,11,13,14,28,30,7,3,3796490750,46508296000
420,2010-12-18,4,9,10,29,31,34,27,8,1424856375,47345476000
421,2010-12-25,6,11,26,27,28,44,30,5,2321144325,47752021000
422,2011-01-01,8,15,19,21,34,44,12,6,2205251375,52730602000
423,2011-01-08,1,17,27,28,29,40,5,3,3896153875,49668311000
424,2011-01-15,10,11,26,31,34,44,30,10,1109480813,48728445000
425,2011-01-22,8,10,14,27,33,38,3,8,1534833000,50459694000
426,2011-01-29,4,17,18,27,39,43,19,4,3057233625,51466592000
427,2011-02-05,6,7,15,24,28,30,21,1,12571445625,52511055000
428,2011-02-12,12,16,19,22,37,40,8,9,1437683209,54685007000
429,2011-02-19,3,23,28,34,39,42,16,9,1485904709,53993833000
430,2011-02-26,1,3,16,18,30,34,44,8,1611763219,53194872000
431,2011-03-05,18,22,25,31,38,45,6,10,1268434013,51661947000
432,2011-03-12,2,3,5,11,27,39,33,5,2299427550,52348574000
433,2011-03-19,19,23,29,33,35,43,27,11,1182294410,52396606000
434,2011-03-26,3,13,20,24,33,37,35,8,1480060266,51579439000
435,2011-04-02,8,16,26,30,38,45,42,10,1287550013,52341267000
436,2011-04-09,9,14,20,22,33,34,28,8,1512266579,50869017000
437,2011-04-16,11,16,29,38,41,44,21,6,2096245438,50798417000
438,2011-04-23,6,12,20,26,29,38,45,9,1377142167,50370042000
439,2011-04-30,17,20,30,31,37,40,25,6,1900077375,49680708000
440,2011-05-07,10,22,28,34,36,44,2,6,1995873000,49810778000
441,2011-05-14,1,23,28,30,34,35,9,4,3170417063,50272122000
442,2011-05-21,25,27,29,36,38,40,41,9,1413413042,51219943000
443,2011-05-28,4,6,10,19,20,44,14,9,1327597584,51236072000
444,2011-06-04,11,13,23,35,43,45,17,3,4154188625,50673529000
445,2011-06-11,13,20,21,30,39,45,32,7,1791683036,50053080000
446,2011-06-18,1,11,12,14,26,35,6,3,4051247625,50595241000
447,2011-06-25,2,7,8,9,17,33,34,4,2657941125,49555042000
448,2011-07-02,3,7,13,27,40,41,36,3,4026212750,51341262000
449,2011-07-09,3,10,20,26,35,43,36,3,4059715250,50214272000
450,2011-07-16,6,14,19,21,23,31,13,6,1990391625,49732036000
451,2011-07-23,12,15,20,24,30,38,29,13,882138952,49861167000
452,2011-07-30,8,10,18,30,32,34,27,9,1276902000,48456758000
453,2011-08-06,12,24,33,38,40,42,30,5,2262732375,48055125000
454,2011-08-13,13,25,27,34,38,41,10,7,1609125590,48389211000
455,2011-08-20,4,19,20,26,30,35,24,7,1635711483,48769851000
456,2011-08-27,1,7,12,18,23,27,44,7,1598505054,49420681000
457,2011-09-03,8,10,18,23,27,40,33,10,1159902825,49679052000
458,2011-09-10,4,9,10,32,36,40,18,8,1608812625,53778256000
459,2011-09-17,4,6,10,14,25,40,12,7,1655842233,49890095000
460,2011-09-24,8,11,28,30,43,45,41,4,3180895782,51917635000
461,2011-10-01,11,18,26,31,37,40,43,6,1948674875,50624588000
462,2011-10-08,3,20,24,32,37,45,4,8,1483559297,49325555000
463,2011-10-15,23,29,31,33,34,44,40,37,54687384,49205151000
464,2011-10-22,6,12,15,34,42,44,4,13,3355721106,126772274000
465,2011-10-29,1,8,11,13,22,38,31,7,1923662893,57793294000
466,2011-11-05,4,10,13,23,32,44,20,9,1530313459,58314753000
467,2011-11-12,2,12,14,17,24,40,39,9,1435441084,57383906000
468,2011-11-19,8,13,15,28,37,43,17,9,1527197167,55598552000
469,2011-11-26,4,21,22,34,37,38,33,4,3330131250,53364940000
470,2011-12-03,10,16,20,39,41,42,27,3,4333330625,53912965000
471,2011-12-10,6,13,29,37,39,41,43,7,1939332858,53492340000
472,2011-12-17,16,25,26,31,36,43,44,7,1809656090,51929207000
473,2011-12-24,8,13,20,22,23,36,34,4,3250418063,52867236000
474,2011-12-31,4,13,18,31,33,45,43,15,936690800,58978482000
475,2012-01-07,1,9,14,16,21,29,3,8,1693923047,56043275000
476,2012-01-14,9,12,13,15,37,38,27,4,3439851469,55591819000
477,2012-01-21,14,25,29,32,33,45,37,8,1919011829,60801409000
478,2012-01-28,18,29,30,37,39,43,8,14,987224759,54975901000
479,2012-02-04,8,23,25,27,35,44,24,6,2233046500,54848834000
480,2012-02-11,3,5,10,17,30,31,16,4,2996742282,55415681000
481,2012-02-18,3,4,23,29,40,41,20,3,4639355750,55642616000
482,2012-02-25,1,10,16,24,25,35,43,7,1897921179,56201452000
483,2012-03-03,12,15,19,22,28,34,5,5,2567196675,55582659000
484,2012-03-10,1,3,27,28,32,45,11,6,2305303063,55885979000
485,2012-03-17,17,22,26,27,36,39,20,9,1501474917,55692878000
486,2012-03-24,1,2,23,25,38,40,43,13,1008634125,54540823000
487,2012-03-31,4,8,25,27,37,41,21,8,1638830766,55276503000
488,2012-04-07,2,8,17,30,31,38,25,10,1330393575,54213092000
489,2012-04-14,2,4,8,15,20,27,11,6,2106360625,53558490000
490,2012-04-21,2,7,26,29,40,43,42,7,1860234161,52590121000
491,2012-04-28,8,17,35,36,39,42,4,4,3304634438,53413874000
492,2012-05-05,22,27,31,35,37,40,42,5,2493013800,51693454000
493,2012-05-12,20,22,26,33,36,37,25,9,1451120334,53231838000
494,2012-05-19,5,7,8,15,30,43,22,12,1054588407,53321589000
495,2012-05-26,4,13,22,27,34,44,6,6,2111645000,53645960000
496,2012-06-02,4,13,20,29,36,41,39,4,3285932250,52915804000
497,2012-06-09,19,20,23,24,43,44,13,6,2222817813,52411585000
498,2012-06-16,13,14,24,32,39,41,3,4,3244503094,52851253000
499,2012-06-23,5,20,23,27,35,40,43,3,4070480250,52767632000
500,2012-06-30,3,4,12,20,24,34,41,9,1351072375,54012267000
501,2012-07-07,1,4,10,17,31,42,2,4,3025200094,52717711000
502,2012-07-14,6,22,28,32,34,40,26,6,2201458125,54000640000
503,2012-07-21,1,5,27,30,34,36,40,7,1853634911,53572205000
504,2012-07-28,6,14,22,26,43,44,31,9,1443236959,51787037000
505,2012-08-04,7,20,22,25,38,40,44,6,1917955188,49103223000
506,2012-08-11,6,9,11,22,24,30,31,3,4073333875,52363311000
507,2012-08-18,12,13,32,33,40,41,4,9,1416438875,53638773000
508,2012-08-25,5,27,31,34,35,43,37,8,1599557860,54010391000
509,2012-09-01,12,25,29,35,42,43,24,5,2689076100,53390358000
510,2012-09-08,12,29,32,33,39,40,42,5,2644158150,53964992000
511,2012-09-15,3,7,14,23,26,42,24,6,2165579250,53970308000
512,2012-09-22,4,5,9,13,26,27,1,13,940094452,54017801000
513,2012-09-29,5,8,21,23,27,33,12,3,4589624750,58317548000
514,2012-10-06,1,15,20,26,35,42,9,3,4451055500,54452404000
515,2012-10-13,2,11,12,15,23,37,8,1,13200466875,55258935000
516,2012-10-20,2,8,23,41,43,44,30,11,1294190182,56385762000
517,2012-10-27,1,9,12,28,36,41,10,5,2659057725,54468223000
518,2012-11-03,14,23,30,32,34,38,6,6,2263804125,55321566000
519,2012-11-10,6,8,13,16,30,43,3,7,1950601393,55614206000
520,2012-11-17,4,22,27,28,38,40,1,6,2167205438,55003797000
521,2012-11-24,3,7,18,29,32,36,19,8,1693420922,56185373000
522,2012-12-01,4,5,13,14,37,41,11,6,2281623000,57053378000
523,2012-12-08,1,4,37,38,40,45,7,7,1780355840,53678449000
524,2012-12-15,10,11,29,38,41,45,21,4,3491695594,55662103000
525,2012-12-22,11,23,26,29,39,44,22,9,1501132375,55566007000
526,2012-12-29,7,14,17,20,35,39,31,9,1491031959,56527807000
527,2013-01-05,1,12,22,32,33,42,38,13,1032386366,56985634000
528,2013-01-12,5,17,25,31,39,40,10,11,1197889125,57548541000
529,2013-01-19,18,20,24,27,31,42,39,8,1749114797,57645779000
530,2013-01-26,16,23,27,29,33,41,22,11,1231656239,56241083000
531,2013-02-02,1,5,9,21,27,35,45,9,1521519750,57567064000
532,2013-02-09,16,17,23,24,29,44,3,7,2216896286,61687384000
533,2013-02-16,9,14,15,17,31,33,23,8,1785671579,59275357000
534,2013-02-23,10,24,26,29,37,38,32,1,14215763250,59227462000
535,2013-03-02,11,12,14,15,18,39,34,3,4935603000,60523884000
536,2013-03-09,7,8,18,32,37,43,12,11,1308523603,59763469000
537,2013-03-16,12,23,26,30,36,43,11,7,2104038911,59453323000
538,2013-03-23,6,10,18,31,32,34,11,3,4688021625,59233373000
539,2013-03-30,3,19,22,31,42,43,26,9,1621036667,59168870000
540,2013-04-06,3,12,13,15,34,36,14,7,1989365250,56739658000
541,2013-04-13,8,13,26,28,32,34,43,11,1269327171,57087047000
542,2013-04-20,5,6,19,26,41,45,34,6,2335152563,56949161000
543,2013-04-27,13,18,26,31,34,44,12,12,1112934844,56570245000
544,2013-05-04,5,17,21,25,36,44,10,13,1046388433,56056189000
545,2013-05-11,4,24,25,27,34,35,2,11,1198994353,55967171000
546,2013-05-18,8,17,20,27,37,43,6,30,405939950,56713166000
547,2013-05-25,6,7,15,22,34,39,28,5,2838444450,57968466000
548,2013-06-01,1,12,13,21,32,45,14,8,1736871891,57771827000
549,2013-06-08,29,31,35,38,40,44,17,8,1760805047,56864611000
550,2013-06-15,1,7,14,20,34,37,41,11,1118679205,56441770000
551,2013-06-22,3,6,20,24,27,44,25,1,13526973750,56989370000
552,2013-06-29,1,10,20,32,35,40,43,10,1330824225,57602386000
553,2013-07-06,2,7,17,28,29,39,37,6,2249631438,56487483000
554,2013-07-13,13,14,17,32,41,42,6,2,6813893625,56124466000
555,2013-07-20,11,17,21,24,26,36,12,8,1711027360,57273817000
556,2013-07-27,12,20,23,28,30,44,43,7,2005209161,57374791000
557,2013-08-03,4,20,26,28,35,40,31,7,1888069286,55086560000
558,2013-08-10,12,15,19,26,40,43,29,10,1315913663,54939001000
559,2013-08-17,11,12,25,32,44,45,23,7,1926145608,55733418000
560,2013-08-24,1,4,20,23,29,45,28,7,1976697215,56565298000
561,2013-08-31,5,7,18,37,42,45,20,5,2753712225,56638383000
562,2013-09-07,4,11,13,17,20,31,33,11,1166694614,56288212000
563,2013-09-14,5,10,16,17,31,32,21,7,1932735643,57320132000
564,2013-09-21,14,19,25,26,27,34,2,7,1934801143,58012468000
565,2013-09-28,4,10,18,27,40,45,38,8,1742064469,59556622000
566,2013-10-05,4,5,6,25,26,43,41,4,3508951032,57666611000
567,2013-10-12,1,10,15,16,32,41,28,6,2318659438,57439471000
568,2013-10-19,1,3,17,20,31,44,40,10,1305167550,57681628000
569,2013-10-26,3,6,13,23,24,35,1,4,3467925188,58441902000
570,2013-11-02,1,12,26,27,29,33,42,9,1527791625,57654279000
571,2013-11-09,11,18,21,26,38,43,29,7,1966538465,56493528000
572,2013-11-16,3,13,18,33,37,45,1,8,1668216188,56473602000
573,2013-11-23,2,4,20,34,35,43,14,8,1645691766,56092721000
574,2013-11-30,14,15,16,19,25,43,2,2,6965184938,55882933000
575,2013-12-07,2,8,20,30,33,34,6,8,1699267875,56330738000
576,2013-12-14,10,11,15,25,35,41,13,3,4321966000,54691148000
577,2013-12-21,16,17,22,31,34,37,33,3,4484438375,57010827000
578,2013-12-28,5,12,14,32,34,42,16,5,2796466575,58584741000
579,2014-01-04,5,7,20,22,37,42,39,11,1396068444,63532871000
580,2014-01-11,5,7,9,11,32,35,33,7,2028610500,60514216000
581,2014-01-18,3,5,14,20,42,44,33,8,1844554547,60257457000
582,2014-01-25,2,12,14,33,40,41,25,4,3560558719,59306953000
583,2014-02-01,8,17,27,33,40,44,24,11,1341848353,62675295000
584,2014-02-08,7,18,30,39,40,41,36,3,5033183250,61343856000
585,2014-02-15,6,7,10,16,38,41,4,9,1620546334,60253002000
586,2014-02-22,2,7,12,15,21,34,5,8,1778354344,59502096000
587,2014-03-01,14,21,29,31,32,37,17,3,4974577375,59715499000
588,2014-03-08,2,8,15,22,25,41,30,5,2889342075,59533101000
589,2014-03-15,6,8,28,33,38,39,22,7,2136877983,60643729000
590,2014-03-22,20,30,36,38,41,45,23,7,2185183983,60003131000
591,2014-03-29,8,13,14,30,38,39,5,5,2964676200,59373946000
592,2014-04-05,2,5,6,13,28,44,43,6,2356381688,58097477000
593,2014-04-12,9,10,13,24,33,38,28,9,1532833500,59368204000
594,2014-04-19,2,8,13,25,28,37,3,11,1255592796,57764442000
595,2014-04-26,8,24,28,35,38,40,5,8,1744525219,57797288000
596,2014-05-03,3,4,12,14,25,43,17,10,1328267663,56561071000
597,2014-05-10,8,10,23,24,35,43,37,13,1057920606,56832361000
598,2014-05-17,4,12,24,33,38,45,22,16,833998594,57518550000
599,2014-05-24,5,12,17,29,34,35,27,8,1710918329,57381791000
600,2014-05-31,5,11,14,27,29,36,44,15,901798725,56372519000
601,2014-06-07,2,16,19,31,34,35,37,9,1524565209,55868455000
602,2014-06-14,13,14,22,27,30,38,2,8,1689530860,56262855000
603,2014-06-21,2,19,25,26,27,43,28,4,3452136563,56276650000
604,2014-06-28,2,6,18,21,33,34,30,11,1229141557,56266399000
605,2014-07-05,1,2,7,9,10,38,42,9,1394232250,56622924000
606,2014-07-12,1,5,6,14,20,39,22,10,1311566850,56928896000
607,2014-07-19,8,14,23,36,38,39,13,4,3494480907,56806213000
608,2014-07-26,4,8,18,19,39,44,41,7,1943530018,56146117000
609,2014-08-02,4,8,27,34,39,40,13,2,6339311438,54858201000
610,2014-08-09,14,18,20,23,28,36,33,4,3516018375,56862756000
611,2014-08-16,2,22,27,33,36,37,14,4,3502706157,57411079000
612,2014-08-23,6,9,18,19,25,33,40,11,1181705250,56931314000
613,2014-08-30,7,8,11,16,41,44,35,9,1549831209,57986249000
614,2014-09-06,8,21,25,39,40,44,18,6,2540975438,62301977000
615,2014-09-13,10,17,18,19,23,27,35,9,1535062417,59072378000
616,2014-09-20,5,13,18,23,40,45,3,9,1611811250,60303360000
617,2014-09-27,4,5,11,12,24,27,28,8,1629701860,58958123000
618,2014-10-04,8,16,25,30,42,43,15,5,2881326225,58550803000
619,2014-10-11,6,8,13,30,35,40,21,3,4612479375,58822925000
620,2014-10-18,2,16,17,32,39,45,40,7,2028283233,58342777000
621,2014-10-25,1,2,6,16,19,42,9,6,2359723500,59407216000
622,2014-11-01,9,15,16,21,28,34,24,9,1630598292,59601329000
623,2014-11-08,7,13,30,39,41,45,25,8,1813702594,58504142000
624,2014-11-15,1,7,19,26,27,35,16,5,2763729450,57832726000
625,2014-11-22,3,6,7,20,21,39,13,5,2765184675,58614979000
626,2014-11-29,13,14,26,33,40,43,15,8,1717871110,58986187000
627,2014-12-06,2,9,22,25,31,45,12,10,1352230650,55981334000
628,2014-12-13,1,7,12,15,23,42,11,9,1499942875,57253109000
629,2014-12-20,19,28,31,38,43,44,1,5,2919433575,57618701000
630,2014-12-27,8,17,21,24,27,31,15,3,4836305500,61335894000
631,2015-01-03,1,2,4,23,31,34,8,4,3919853532,65300621000
632,2015-01-10,15,18,21,32,35,44,6,11,1432587716,63066603000
633,2015-01-17,9,12,19,20,39,41,13,12,1217257094,62015797000
634,2015-01-24,4,10,11,12,20,27,38,13,1077935106,63149567000
635,2015-01-31,11,13,25,26,29,33,32,8,1855587235,62429621000
636,2015-02-07,6,7,15,16,20,31,26,8,1832362219,62786394000
637,2015-02-14,3,16,22,37,38,44,23,4,3899241094,63504865000
638,2015-02-21,7,18,22,24,31,34,6,7,2229403179,64319586000
639,2015-02-28,6,15,22,23,25,32,40,4,4061185219,66202599000
640,2015-03-07,14,15,18,21,26,35,23,9,1728768834,64080502000
641,2015-03-14,11,18,21,36,37,43,12,8,1990074563,63773134000
642,2015-03-21,8,17,18,24,39,45,32,12,1251460438,63544224000
643,2015-03-28,15,24,31,32,33,40,13,6,2535763625,63110068000
644,2015-04-04,5,13,17,23,28,36,8,8,1831451204,61846599000
645,2015-04-11,1,4,16,26,40,41,31,4,3696297750,62661756000
646,2015-04-18,2,9,24,41,43,45,30,7,2215498393,62308090000
647,2015-04-25,5,16,21,23,24,30,29,7,2189725608,62314338000
648,2015-05-02,13,19,28,37,38,43,4,7,2120987947,60874405000
649,2015-05-09,3,21,22,33,41,42,20,5,2948042100,60473178000
650,2015-05-16,3,4,7,11,31,41,35,5,2849298900,60991082000
651,2015-05-23,11,12,16,26,29,44,18,8,1855306454,61494891000
652,2015-05-30,3,13,15,40,41,44,20,5,3003483525,60426977000
653,2015-06-06,5,6,26,27,38,39,1,14,980958670,59716037000
654,2015-06-13,16,21,26,31,36,43,6,8,1879301391,60697813000
655,2015-06-20,7,37,38,39,40,44,18,9,1661439625,60434801000
656,2015-06-27,3,7,14,16,31,40,39,2,7330002750,61328118000
657,2015-07-04,10,14,19,39,40,43,23,9,1694762792,61769837000
658,2015-07-11,8,19,25,28,32,36,37,9,1634031375,61131243000
659,2015-07-18,7,18,19,27,29,42,45,11,1336604216,61677747000
660,2015-07-25,4,9,23,33,39,44,14,10,1421272575,60813322000
661,2015-08-01,2,3,12,20,27,38,40,8,1713025547,59597375000
662,2015-08-08,5,6,9,11,15,37,26,8,1689733688,59164542000
663,2015-08-15,3,5,8,19,38,42,20,7,2080244143,61100704000
664,2015-08-22,10,20,33,36,41,44,5,10,1536801338,61921689000
665,2015-08-29,5,6,11,17,38,44,13,4,3643230375,61885874000
666,2015-09-05,2,4,6,11,17,28,16,6,2396901063,62652917000
667,2015-09-12,15,17,25,37,42,43,13,7,2228764393,63421632000
668,2015-09-19,12,14,15,24,27,32,3,5,2991158625,63346405000
669,2015-09-26,7,8,20,29,33,38,9,6,2708173188,67952211000
670,2015-10-03,11,18,26,27,40,41,25,12,1191725219,62242687000
671,2015-10-10,7,9,10,13,31,35,24,4,3722322844,63940807000
672,2015-10-17,8,21,28,31,36,45,43,9,1754745000,63542330000
673,2015-10-24,7,10,17,29,33,44,5,10,1491453300,63163578000
674,2015-10-31,9,10,14,25,27,31,11,8,1770565500,61386974000
675,2015-11-07,1,8,11,15,18,45,7,4,3514549032,60458623000
676,2015-11-14,1,8,17,34,39,45,27,8,1879726500,62147642000
677,2015-11-21,12,15,24,36,41,44,42,8,1921114407,62267624000
678,2015-11-28,4,5,6,12,25,37,45,6,2288490188,60887293000
679,2015-12-05,3,5,7,14,26,34,35,5,2863005600,62220918000
680,2015-12-12,4,10,19,29,32,42,30,14,1110570563,64245201000
681,2015-12-19,21,24,27,29,43,44,7,6,2696328938,63268253000
682,2015-12-26,17,23,27,35,38,43,2,4,4063713563,66757858000
683,2016-01-02,6,13,20,27,28,40,15,16,1010930883,71940091000
684,2016-01-09,1,11,15,17,25,39,40,9,1688815709,66623887000
685,2016-01-16,6,7,12,28,38,40,18,11,1494367671,69126675000
686,2016-01-23,7,12,15,24,25,43,13,8,1937531719,65274010000
687,2016-01-30,1,8,10,13,28,42,45,6,2720029313,68044669000
688,2016-02-06,5,15,22,23,34,35,2,9,1967536750,73095612000
689,2016-02-13,7,17,19,30,36,38,34,7,2321775911,67460147000
690,2016-02-20,24,25,33,34,38,39,43,15,1126507625,69142025000
691,2016-02-27,15,27,33,35,43,45,16,6,2839296750,68590328000
692,2016-03-05,3,11,14,15,32,36,44,7,2301273697,66390499000
693,2016-03-12,1,6,11,28,34,42,30,10,1642763813,67352935000
694,2016-03-19,7,15,20,25,33,43,12,10,1555036388,67533257000
695,2016-03-26,4,18,26,33,34,38,14,11,1450214830,67672085000
696,2016-04-02,1,7,16,18,34,38,21,10,1632054413,67542971000
697,2016-04-09,2,5,8,11,33,39,31,10,1531443038,66966141000
698,2016-04-16,3,11,13,21,33,37,18,8,1921084125,66283268000
699,2016-04-23,4,5,8,16,21,29,3,8,1995411375,66743146000
700,2016-04-30,11,23,28,29,30,44,13,8,2082099188,66846276000
701,2016-05-07,3,10,14,16,36,38,35,10,1583183175,64454138000
702,2016-05-14,3,13,16,24,26,29,9,11,1465091387,66219854000
703,2016-05-21,10,28,31,33,41,44,21,5,3235784100,65728988000
704,2016-05-28,1,4,8,23,33,42,45,4,3865190344,65930117000
705,2016-06-04,1,6,17,22,28,45,23,4,3987206532,65859843000
706,2016-06-11,3,4,6,10,28,30,37,4,3831746063,65723488000
707,2016-06-18,2,12,19,24,39,44,35,12,1322167313,66813924000
708,2016-06-25,2,10,16,19,34,45,1,4,4099552219,66806307000
709,2016-07-02,10,18,30,36,39,44,32,14,1165271625,65592504000
710,2016-07-09,3,4,9,24,25,33,10,5,2895441150,65083972000
711,2016-07-16,11,15,24,35,37,45,42,7,2277413358,66152746000
712,2016-07-23,17,20,30,31,33,45,19,4,4034485125,66136318000
713,2016-07-30,2,5,15,18,19,23,44,9,1714720917,64646552000
714,2016-08-06,1,7,22,33,37,40,20,7,2085131733,64099989000
715,2016-08-13,2,7,27,33,41,44,10,6,2605510438,65794607000
716,2016-08-20,2,6,13,16,29,30,21,12,1358752157,67040169000
717,2016-08-27,2,11,19,25,28,32,44,6,2702433688,68597839000
718,2016-09-03,4,11,20,23,32,39,40,17,926166464,69400763000
719,2016-09-10,4,8,13,19,20,43,26,9,1879581334,71378392000
720,2016-09-17,1,12,29,34,36,37,41,14,1233770358,69939090000
721,2016-09-24,1,28,35,41,43,44,31,8,2273767360,71627567000
722,2016-10-01,12,14,21,30,39,43,45,4,4365422719,69446489000
723,2016-10-08,20,30,33,35,36,44,22,8,2114365360,67750231000
724,2016-10-15,2,8,33,35,37,41,14,12,1427789813,69987274000
725,2016-10-22,6,7,19,21,41,43,38,11,1579217250,70208676000
726,2016-10-29,1,11,21,23,34,44,24,14,1166872634,68799295000
727,2016-11-05,7,8,10,19,21,31,20,14,1115107742,67559139000
728,2016-11-12,3,6,10,30,34,37,36,5,3243464400,68306112000
729,2016-11-19,11,17,21,26,36,45,16,4,4198250719,68784161000
730,2016-11-26,4,10,14,15,18,22,39,8,2017382110,66934105000
731,2016-12-03,2,7,13,25,42,45,39,7,2340471054,69239673000
732,2016-12-10,2,4,5,17,27,32,43,7,2203270608,68645948000
733,2016-12-17,11,24,32,33,35,40,13,4,4016725125,69321488000
734,2016-12-24,6,16,37,38,41,45,18,9,1949395500,71457582000
735,2016-12-31,5,10,13,27,37,41,4,10,1847231588,77488209000
736,2017-01-07,2,11,17,18,21,27,6,5,3397362225,73510203000
737,2017-01-14,13,15,18,24,27,41,11,4,4283061000,70775944000
738,2017-01-21,23,27,28,38,42,43,36,11,1634191091,71768122000
739,2017-01-28,7,22,29,33,34,35,30,4,4744122282,77999661000
740,2017-02-04,4,8,9,16,17,19,31,18,936929792,75186520000
741,2017-02-11,5,21,27,34,44,45,16,6,3043595938,74392585000
742,2017-02-18,8,10,13,36,37,40,6,16,1111814813,73857792000
743,2017-02-25,15,19,21,34,41,44,10,7,2608641000,73436852000
744,2017-03-04,10,15,18,21,34,41,43,15,1155411575,73507293000
745,2017-03-11,1,2,3,9,12,23,10,20,746822982,73575119000
746,2017-03-18,3,12,33,36,42,45,25,9,2038623709,74239579000
747,2017-03-25,7,9,12,14,23,28,17,9,1903214584,73337880000
748,2017-04-01,3,10,13,22,31,32,29,9,1928246542,72750277000
749,2017-04-08,12,14,24,26,34,45,41,13,1350104395,72252889000
750,2017-04-15,1,2,15,19,24,36,12,7,2522104286,72248100000
751,2017-04-22,3,4,16,20,28,44,17,8,2097968110,71534233000
752,2017-04-29,4,16,20,33,40,43,7,9,1870358834,71600822000
753,2017-05-06,2,17,19,24,37,41,3,6,2711105063,68915001000
754,2017-05-13,2,8,17,24,29,31,32,5,3427542000,70765850000
755,2017-05-20,13,14,26,28,30,36,37,8,2214427266,71300635000
756,2017-05-27,10,14,16,18,27,28,4,5,3414434700,70992946000
757,2017-06-03,6,7,11,17,33,44,1,21,739839858,71053002000
758,2017-06-10,5,9,12,30,39,43,24,8,2078969954,71764259000
759,2017-06-17,9,33,36,40,42,43,32,6,3032670500,72632208000
760,2017-06-24,10,22,27,31,42,43,12,8,2253299391,72200797000
761,2017-07-01,4,7,11,24,42,45,30,7,2392730518,71415903000
762,2017-07-08,1,3,12,21,26,41,16,10,1631432063,70558895000
763,2017-07-15,3,8,16,32,34,43,10,8,2138130000,70652100000
764,2017-07-22,7,22,24,31,34,36,15,7,2459975465,70318932000
765,2017-07-29,1,3,8,12,42,43,33,15,1109214250,70972360000
766,2017-08-05,9,30,34,35,39,41,21,8,2173637297,69500769000
767,2017-08-12,5,15,20,31,34,42,22,15,1163768725,71285599000
768,2017-08-19,7,27,29,30,38,44,4,13,1363572260,72306975000
769,2017-08-26,5,7,11,16,41,45,4,9,1930760042,72873431000
770,2017-09-02,1,9,12,23,39,43,34,8,2163099329,74166379000
771,2017-09-09,6,10,17,18,21,29,30,4,4362644907,73545939000
772,2017-09-16,5,6,11,14,21,41,32,10,1769608838,74375369000
773,2017-09-23,8,12,19,21,31,35,44,11,1609403080,74560597000
774,2017-09-30,12,15,18,28,34,42,9,11,1709721512,77347021000
775,2017-10-07,11,12,29,33,38,42,17,5,3470437650,70795452000
776,2017-10-14,8,9,18,21,28,40,20,7,2557579393,74826082000
777,2017-10-21,6,12,17,21,34,37,18,21,833468036,75534360000
778,2017-10-28,6,21,35,36,37,41,11,3,6264069500,75075606000
779,2017-11-04,6,12,19,24,34,41,4,11,1527709296,73773676000
780,2017-11-11,15,17,19,21,27,45,16,11,1667520137,74232084000
781,2017-11-18,11,16,18,19,24,39,43,9,1882891542,72483157000
782,2017-11-25,6,18,31,34,38,45,20,9,1946487625,72253973000
783,2017-12-02,14,15,16,17,38,45,36,4,4603964625,73525256000
784,2017-12-09,3,10,23,24,31,39,22,9,1908678000,74311382000
785,2017-12-16,4,6,15,25,26,33,40,6,2886622688,72974563000
786,2017-12-23,12,15,16,20,24,30,38,4,4551365250,75930156000
787,2017-12-30,5,6,13,16,27,28,9,6,3092108313,79593923000
788,2018-01-06,2,10,11,19,35,39,29,13,1401475154,78121882000
789,2018-01-13,2,6,7,12,19,45,38,15,1140976825,76136603000
790,2018-01-20,3,8,19,27,30,41,12,16,1160516274,78978881000
791,2018-01-27,2,10,12,31,33,42,32,14,1253081893,74205844000
792,2018-02-03,2,7,19,25,29,36,16,7,2655736768,76339003000
793,2018-02-10,10,15,21,35,38,43,31,5,3750146775,76177477000
794,2018-02-17,6,7,18,19,30,38,13,7,2650940304,79941579000
795,2018-02-24,3,10,13,26,34,38,36,11,1714977000,79661342000
796,2018-03-03,1,21,26,36,40,41,5,7,2763490340,77685943000
797,2018-03-10,5,22,31,32,39,45,36,8,2397028125,77339940000
798,2018-03-17,2,10,14,22,32,36,41,7,2710791911,77038759000
799,2018-03-24,12,17,23,34,42,45,33,10,1826427225,76708986000
800,2018-03-31,1,4,10,12,28,45,26,11,1632246205,76994062000
801,2018-04-07,17,25,28,37,43,44,2,8,2256786657,74034792000
802,2018-04-14,10,11,12,18,24,42,27,16,1082947993,75146781000
803,2018-04-21,5,9,14,26,30,43,2,5,3663810225,75670793000
804,2018-04-28,1,10,13,26,32,36,9,11,1631996523,74557028000
805,2018-05-05,3,12,13,18,31,32,42,4,4266061969,73065981000
806,2018-05-12,14,20,23,31,37,38,27,7,2640760875,74030583000
807,2018-05-19,6,10,18,25,34,35,33,7,2437662322,73831580000
808,2018-05-26,15,21,31,32,41,43,24,6,3087620500,74911438000
809,2018-06-02,6,11,15,17,23,40,39,6,2921372750,74214104000
810,2018-06-09,5,10,13,21,39,43,11,8,2231598047,74388355000
811,2018-06-16,8,11,19,21,36,45,25,7,2524148197,74570813000
812,2018-06-23,1,3,12,14,16,43,10,6,2947954750,74147816000
813,2018-06-30,11,30,34,35,42,44,27,4,4591763157,73394947000
814,2018-07-07,2,21,28,38,42,45,30,6,3067192063,74316543000
815,2018-07-14,17,21,25,26,27,36,4,7,2579855358,73416400000
816,2018-07-21,12,18,19,29,31,39,7,8,2128107938,72397826000
817,2018-07-28,3,9,12,13,25,43,34,9,1868477334,72552766000
818,2018-08-04,14,15,25,28,29,30,3,13,1380804318,71793353000
819,2018-08-11,16,25,33,38,40,45,15,7,2594534840,74578907000
820,2018-08-18,10,21,22,30,35,42,6,4,4627313532,75744571000
821,2018-08-25,1,12,13,24,29,44,16,14,1316155956,76118239000
822,2018-09-01,9,18,20,24,27,36,12,3,5930898625,75681739000
823,2018-09-08,12,18,24,26,39,40,15,9,2009843917,77400124000
824,2018-09-15,7,9,24,29,34,38,26,15,1256646550,78257422000
825,2018-09-22,8,15,21,31,33,38,42,12,1658710563,82890578000
826,2018-09-29,13,16,24,25,33,36,42,9,2075192084,78218740000
827,2018-10-06,5,11,12,29,33,44,14,15,1206500375,76490125000
828,2018-10-13,4,7,13,29,31,39,18,13,1455185972,77552827000
829,2018-10-20,4,5,31,35,43,45,29,8,2444650641,77998807000
830,2018-10-27,5,6,16,18,37,38,17,9,2060528750,77714000000
831,2018-11-03,3,10,16,19,31,39,9,16,1110702258,77622753000
832,2018-11-10,13,14,19,26,40,43,30,9,2088204584,77411900000
833,2018-11-17,12,18,30,39,41,42,19,8,2356317282,77738402000
834,2018-11-24,6,8,18,35,42,43,3,11,1690693671,75941791000
835,2018-12-01,9,10,13,28,38,45,35,15,1233681125,77694435000
836,2018-12-08,1,9,11,14,26,28,19,14,1257843670,74536697000
837,2018-12-15,2,25,28,30,33,45,6,6,3144449125,76614176000
838,2018-12-22,9,14,17,33,36,38,20,5,3813733050,79414484000
839,2018-12-29,3,9,11,12,13,19,35,13,1359454904,79219710000
840,2019-01-05,2,4,11,28,29,43,27,10,2042961788,84057771000
841,2019-01-12,5,11,14,30,33,38,24,17,1116095714,81580789000
842,2019-01-19,14,26,32,36,39,42,38,10,2035475025,81957444000
843,2019-01-26,19,21,30,33,34,42,4,5,4012970100,81857498000
844,2019-02-02,7,8,13,15,33,45,18,18,1162963542,87805610000
845,2019-02-09,1,16,29,33,40,45,6,11,1891217182,83884034000
846,2019-02-16,5,18,30,41,43,45,13,13,1596884395,83936839000
847,2019-02-23,12,16,26,28,30,42,22,8,2520846657,83782512000
848,2019-03-02,1,2,16,22,38,39,34,7,3011580858,84523266000
849,2019-03-09,5,13,17,29,34,39,3,17,1158252883,82333674000
850,2019-03-16,16,20,24,28,36,39,5,6,3377587875,81474176000
851,2019-03-23,14,18,22,26,31,44,40,8,2483692313,81099116000
852,2019-03-30,11,17,28,30,33,35,9,4,4801543407,81470793000
853,2019-04-06,2,8,23,26,27,44,13,7,2885006786,82244370000
854,2019-04-13,20,25,31,32,36,43,3,6,3421706750,81823338000
855,2019-04-20,8,15,17,19,43,44,7,9,2269510500,82374732000
856,2019-04-27,10,24,40,41,43,44,17,5,3977927550,80496424000
857,2019-05-04,6,10,16,28,34,38,43,15,1284915425,80933117000
858,2019-05-11,9,13,32,38,39,43,23,9,2202347459,81366889000
859,2019-05-18,8,22,35,38,39,41,24,11,1853927489,80944223000
860,2019-05-25,4,8,18,25,27,32,42,10,1879899825,81846672000
861,2019-06-01,11,17,19,21,22,25,24,4,4872108844,81032551000
862,2019-06-08,10,34,38,40,42,43,32,9,2190922709,80609005000
863,2019-06-15,16,21,28,35,39,43,12,7,2853357322,81288540000
864,2019-06-22,3,7,10,13,25,36,32,11,1716553637,82220290000
865,2019-06-29,3,15,22,32,33,45,2,13,1551729145,81748217000
866,2019-07-06,9,15,29,34,37,39,12,9,2240409000,81961886000
867,2019-07-13,14,17,19,22,24,40,41,5,3933755250,81607190000
868,2019-07-20,12,17,28,41,43,44,25,6,3233804250,80549078000
869,2019-07-27,2,6,20,27,37,39,4,10,1922582588,80268389000
870,2019-08-03,21,25,30,32,40,42,31,10,1928842988,78688663000
871,2019-08-10,2,6,12,26,30,34,38,7,2718071358,79527502000
872,2019-08-17,2,4,30,32,33,43,29,16,1262705579,81002518000
873,2019-08-24,3,5,12,13,33,39,38,10,1874553225,82375586000
874,2019-08-31,1,15,19,23,28,42,32,18,1117123917,82990138000
875,2019-09-07,19,22,30,34,39,44,36,14,1415946724,80635281000
876,2019-09-14,5,16,21,26,34,42,24,19,1090657856,85088368000
877,2019-09-21,5,17,18,22,23,43,12,12,1716607188,84584730000
878,2019-09-28,2,6,11,16,25,31,3,6,3207993500,84183676000
879,2019-10-05,1,4,10,14,15,35,20,6,3206361313,83174251000
880,2019-10-12,7,17,19,23,24,45,38,7,2837810465,83862502000
881,2019-10-19,4,18,20,26,27,32,9,8,2503212282,84495552000
882,2019-10-26,18,34,39,43,44,45,23,5,4127270400,84351602000
883,2019-11-02,9,18,32,33,37,44,22,15,1360519525,85624171000
884,2019-11-09,4,14,23,28,37,45,17,12,1799077282,86554613000
885,2019-11-16,1,3,24,27,39,45,31,13,1543832568,83396319000
886,2019-11-23,19,23,28,37,42,45,2,7,2974643786,84186094000
887,2019-11-30,8,14,17,27,36,45,10,8,2535268688,84416872000
888,2019-12-07,3,7,12,31,34,38,32,8,2370359204,82777313000
889,2019-12-14,3,13,29,38,39,42,26,10,2108986950,86734222000
890,2019-12-21,1,4,14,18,29,37,6,9,2335486167,86693498000
891,2019-12-28,9,13,28,31,39,41,19,7,3082673947,89742677000
892,2020-01-04,4,9,17,18,26,42,36,17,1282017464,93091115000
893,2020-01-11,1,15,17,23,25,41,10,9,2377433625,87661567000
894,2020-01-18,19,32,37,40,41,43,45,9,2377935959,88465183000
895,2020-01-25,16,26,31,38,39,41,23,12,1928079219,96962255000
896,2020-02-01,5,12,25,26,38,45,23,7,3053222036,90461998000
897,2020-02-08,6,7,12,22,26,36,29,13,1619922520,88231474000
898,2020-02-15,18,21,28,35,37,42,17,8,2639313235,90067839000
899,2020-02-22,8,19,20,21,33,39,37,6,3359356063,85877347000
900,2020-02-29,7,13,16,18,35,38,14,6,3349851375,83639372000
901,2020-03-07,5,18,20,23,30,34,21,9,2267974667,84783962000
902,2020-03-14,7,19,23,24,36,39,30,13,1619317529,87501981000
903,2020-03-21,2,15,16,21,22,28,45,13,1684582212,88625160000
904,2020-03-28,2,6,8,26,43,45,11,8,2718077813,88938220000
905,2020-04-04,3,4,16,27,38,40,20,7,3017862536,90357634000
906,2020-04-11,2,5,14,28,31,32,20,9,2472607250,90948274000
907,2020-04-18,21,27,29,38,40,44,37,7,3165059036,89331282000
908,2020-04-25,3,16,21,22,23,44,30,8,2834856141,89923601000
909,2020-05-02,7,24,29,30,34,35,33,11,2021062875,89543261000
910,2020-05-09,1,11,17,27,35,39,31,21,941316375,86308857000
911,2020-05-16,4,5,12,14,32,42,35,10,2113538625,89332410000
912,2020-05-23,5,8,18,21,22,38,10,14,1493500581,88599155000
913,2020-05-30,6,14,16,21,27,37,40,16,1338755602,89336949000
914,2020-06-06,16,19,24,33,42,44,27,11,1950005557,89558503000
915,2020-06-13,2,6,11,13,22,37,14,6,3518640500,87862418000
916,2020-06-20,6,21,22,32,35,36,17,11,2025384341,89133044000
917,2020-06-27,1,3,23,24,27,43,34,10,2144799638,88950867000
918,2020-07-04,7,11,12,31,33,38,5,18,1117622646,89200857000
919,2020-07-11,9,14,17,18,42,44,35,5,4305150450,90218056000
920,2020-07-18,2,3,26,33,34,43,29,7,3120260197,89805177000
921,2020-07-25,5,7,12,22,28,41,1,17,1232573405,89888341000
922,2020-08-01,2,6,13,17,27,43,36,6,3417904500,89266682000
923,2020-08-08,3,17,18,23,36,41,26,8,2667554625,87867402000
924,2020-08-15,3,11,34,42,43,44,13,9,2382430667,87708256000
925,2020-08-22,13,24,32,34,39,42,4,12,1771080532,87901067000
926,2020-08-29,10,16,18,20,25,31,6,10,2032490663,88372251000
927,2020-09-05,4,15,22,38,41,43,26,6,3714203875,91067752000
928,2020-09-12,3,4,10,20,28,44,30,7,3134591358,90818982000
929,2020-09-19,7,9,12,15,19,23,4,16,1308035157,92344620000
930,2020-09-26,8,21,25,38,39,44,28,8,2832418829,94518415000
931,2020-10-03,14,15,23,25,35,43,32,8,2957108063,95695802000
932,2020-10-10,1,6,15,36,37,38,5,7,3390022983,96049289000
933,2020-10-17,23,27,29,31,36,45,37,8,2927797079,93484851000
934,2020-10-24,1,3,30,33,36,39,12,4,5765772844,93028347000
935,2020-10-31,4,10,20,32,38,44,18,13,1711055424,93934898000
936,2020-11-07,7,11,13,17,18,29,43,14,1492069179,92246146000
937,2020-11-14,2,10,13,22,29,40,26,11,2058420819,93720454000
938,2020-11-21,4,8,10,16,31,36,9,10,2249466563,93452425000
939,2020-11-28,4,11,28,39,42,45,6,13,1708363039,93340002000
940,2020-12-05,3,15,20,22,24,41,11,8,2846071079,93920183000
941,2020-12-12,12,14,25,27,39,40,35,16,1347297422,94867600000
942,2020-12-19,10,12,18,35,42,43,39,6,3761680313,92731965000
943,2020-12-26,1,8,13,36,44,45,39,7,3435045108,100081432000
944,2021-01-02,2,13,16,19,32,33,42,13,1961836356,107181377000
945,2021-01-09,9,10,15,30,33,37,26,13,1765554491,94837109000
946,2021-01-16,9,18,19,30,34,40,20,11,2157656182,99380178000
947,2021-01-23,3,8,17,20,27,35,26,18,1275855750,99449916000
948,2021-01-30,13,18,30,31,38,41,5,11,2188548716,100519459000
949,2021-02-06,14,21,35,36,40,44,30,10,2458569713,100518909000
950,2021-02-13,3,4,15,22,28,40,10,8,3281920500,108870714000
951,2021-02-20,2,12,30,31,39,43,38,14,1747552661,102937006000
952,2021-02-27,4,12,22,24,33,41,38,9,2713699834,102355646000
953,2021-03-06,7,9,22,27,37,42,34,14,1640636009,99180891000
954,2021-03-13,1,9,26,28,30,41,32,10,2478795900,101455314000
955,2021-03-20,4,9,23,26,29,33,8,12,2023170188,99784736000
956,2021-03-27,10,11,20,21,25,41,40,11,2022982671,97065255000
957,2021-04-03,4,15,24,35,36,40,1,11,2126634137,96654698000
958,2021-04-10,2,9,10,16,35,37,1,15,1596119675,98635947000
959,2021-04-17,1,14,15,24,40,41,35,8,3015312891,97435835000
960,2021-04-24,2,18,24,30,32,45,14,10,2401133213,98784879000
961,2021-05-01,11,20,29,31,33,42,43,9,2575231209,97153309000
962,2021-05-08,1,18,28,31,34,43,40,12,1940906094,95956365000
963,2021-05-15,6,12,19,23,34,42,35,15,1476478125,95452215000
964,2021-05-22,6,21,36,38,39,43,30,10,2345861063,95549895000
965,2021-05-29,2,13,25,28,29,36,34,7,3403348929,96174650000
966,2021-06-05,1,21,25,29,34,37,36,10,2411303513,95640447000
967,2021-06-12,1,6,13,37,38,40,9,4,5809776094,94515565000
968,2021-06-19,2,5,12,14,24,39,33,13,1667729683,95924229000
969,2021-06-26,3,9,10,29,40,45,7,20,1149427894,96728751000
970,2021-07-03,9,11,16,21,28,36,5,14,1611544045,93268371000
971,2021-07-10,2,6,17,18,21,26,7,6,3725880250,94471924000
972,2021-07-17,3,6,17,23,37,39,26,20,1124886244,93916813000
973,2021-07-24,22,26,31,37,41,42,24,8,2912742750,93953872000
974,2021-07-31,1,2,11,16,39,44,32,17,1317034523,94146055000
975,2021-08-07,7,8,9,17,22,24,5,9,2440410375,94253719000
976,2021-08-14,4,12,14,25,35,37,2,7,3243867215,97492178000
977,2021-08-21,2,9,10,14,22,44,16,14,1669905911,95895844000
978,2021-08-28,1,7,15,32,34,42,8,10,2373391388,98855197000
979,2021-09-04,7,11,16,21,27,33,24,14,1606400518,99507886000
980,2021-09-11,3,13,16,23,24,35,14,7,3409443215,99593380000
981,2021-09-18,27,36,37,41,43,45,32,13,1992863193,105645424000
982,2021-09-25,5,7,13,20,21,44,33,8,3023630672,101344251000
983,2021-10-02,13,23,26,31,35,43,15,10,2503422225,101899006000
984,2021-10-09,3,10,23,35,36,37,18,7,3453006268,98762367000
985,2021-10-16,17,21,23,30,34,44,19,10,2434752975,98811446000
986,2021-10-23,7,10,16,28,41,42,40,10,2375275125,99041240000
987,2021-10-30,2,4,15,23,29,38,7,10,2378711625,100269530000
988,2021-11-06,2,13,20,30,31,41,27,9,2678489375,98606195000
989,2021-11-13,17,18,21,27,29,33,26,4,5826768563,96525658000
990,2021-11-20,2,4,25,26,36,37,28,14,1740095277,99567047000
991,2021-11-27,13,18,25,31,33,44,38,8,2904166032,98026282000
992,2021-12-04,12,20,26,33,44,45,24,12,1986955563,97066498000
993,2021-12-11,6,14,16,18,24,42,44,6,3991197063,99323653000
994,2021-12-18,1,3,8,24,27,35,28,12,1861582063,95530936000
995,2021-12-25,1,4,13,29,38,39,7,7,3447271875,100878455000
996,2022-01-01,6,11,15,24,32,39,28,18,1491185771,112624327000
997,2022-01-08,4,7,14,16,24,44,20,19,1253749560,102431961000
998,2022-01-15,13,17,18,20,42,45,41,12,2076499657,101681869000
999,2022-01-22,1,3,9,14,18,28,34,16,1513274790,102581351000
1000,2022-01-29,2,8,19,22,32,42,39,22,1246819620,118628811000
1001,2022-02-05,6,10,12,14,20,42,15,12,2077279594,103967487000
1002,2022-02-12,17,25,33,35,38,45,15,8,3088449563,105795484000
1003,2022-02-19,1,4,29,39,43,45,31,14,1811116822,103479378000
1004,2022-02-26,7,15,30,37,39,44,18,10,2576251913,106112471000
1005,2022-03-05,8,13,18,24,27,29,17,12,2061199344,103755249000
1006,2022-03-12,8,11,15,16,17,37,36,9,2855602125,104542431000
1007,2022-03-19,8,11,16,19,21,25,40,9,2718786375,101530003000
1008,2022-03-26,9,11,30,31,41,44,33,11,2267377910,103727042000
1009,2022-04-02,15,23,29,34,40,44,20,15,1702462825,103771363000
1010,2022-04-09,9,12,15,25,34,36,3,8,3119380079,103011505000
1011,2022-04-16,1,9,12,26,35,38,42,11,2220348512,101799373000
1012,2022-04-23,5,11,18,20,35,45,3,13,1861944318,101948323000
1013,2022-04-30,21,22,26,34,36,41,32,5,5047570725,101747653000
1014,2022-05-07,3,11,14,18,26,27,21,10,2410449338,102396369000
1015,2022-05-14,14,23,31,33,37,40,44,8,3051105610,102562683000
1016,2022-05-21,15,26,28,34,41,42,44,11,2260660671,101583153000
1017,2022-05-28,12,18,22,23,30,34,32,7,3517684822,101382790000
1018,2022-06-04,3,19,21,25,37,45,35,2,12361744688,101151805000
1019,2022-06-11,1,4,13,17,34,39,6,50,438565140,102804882000
1020,2022-06-18,12,27,29,38,41,45,6,13,1966431520,104996396000
1021,2022-06-25,12,15,17,24,29,45,16,12,2108962250,101960162000
1022,2022-07-02,5,6,11,29,42,45,28,5,4866468075,99233031000
1023,2022-07-09,10,14,16,18,29,35,25,9,2745677875,100399659000
1024,2022-07-16,9,18,20,22,38,44,10,8,3020323500,100081038000
1025,2022-07-23,8,9,20,25,29,33,7,4,6118853344,101318529000
1026,2022-07-30,5,12,13,31,32,41,34,15,1619118475,101556379000
1027,2022-08-06,14,16,27,35,39,45,5,10,2460504338,101195159000
1028,2022-08-13,5,7,12,13,18,35,23,20,1181235132,100613537000
1029,2022-08-20,12,30,32,37,39,41,24,10,2527848450,101336312000
1030,2022-08-27,2,5,11,17,24,29,9,19,1276406507,104899923000
1031,2022-09-03,6,7,22,32,35,36,19,8,3213957563,104316078000
1032,2022-09-10,1,6,12,19,36,42,28,10,2675257538,110907011000
1033,2022-09-17,3,11,15,20,35,44,10,13,1913414943,104642258000
1034,2022-09-24,26,31,32,33,38,40,11,9,2868856209,107150089000
1035,2022-10-01,9,14,34,35,41,42,2,8,3231193735,106759523000
1036,2022-10-08,2,5,22,32,34,45,39,9,2837323167,103753936000
1037,2022-10-15,2,14,15,22,27,33,31,15,1708576825,104840173000
1038,2022-10-22,7,16,24,27,37,44,2,15,1627457225,104932409000
1039,2022-10-29,2,3,6,19,36,39,26,16,1585019672,105259066000
1040,2022-11-05,8,16,26,29,31,36,11,7,3660482625,104007239000
1041,2022-11-12,6,7,9,11,17,18,45,25,935091165,105301601000
1042,2022-11-19,5,14,15,23,34,43,4,20,1240663669,106510259000
1043,2022-11-26,3,5,12,22,26,31,19,17,1468646956,107045942000
1044,2022-12-03,12,17,20,26,28,36,4,8,3136941235,102891973000
1045,2022-12-10,6,14,15,19,21,41,37,13,1990060443,105380282000
1046,2022-12-17,7,16,25,29,35,36,28,12,2011415719,100923993000
1047,2022-12-24,2,20,33,40,42,44,32,9,2748797875,103058179000
1048,2022-12-31,6,12,17,21,32,39,30,17,1612494508,117323901000
1049,2023-01-07,3,5,13,20,21,37,17,15,1727810100,108444724000
1050,2023-01-14,6,12,31,35,38,43,17,17,1535083280,108072602000
1051,2023-01-21,21,26,30,32,33,35,44,18,1669558480,119243907000
1052,2023-01-28,5,17,26,27,35,38,1,11,2341682762,107565461000
1053,2023-02-04,22,26,29,30,34,45,15,7,4090367411,113721665000
1054,2023-02-11,14,19,27,28,30,45,33,9,3147925709,113660567000
1055,2023-02-18,4,7,12,14,22,33,31,11,2362815205,112488256000
1056,2023-02-25,13,20,24,32,36,45,29,14,1969662456,113279615000
1057,2023-03-04,8,13,19,27,40,45,12,17,1616069714,112523887000
1058,2023-03-11,11,23,25,30,32,40,42,13,2058020250,112041382000
1059,2023-03-18,7,10,22,25,34,40,27,13,2033168481,110846824000
1060,2023-03-25,3,10,24,33,38,45,36,28,898238907,110677185000
1061,2023-04-01,4,24,27,35,37,45,15,11,2422768773,109909344000
1062,2023-04-08,20,31,32,40,41,45,12,7,3801933804,107109911000
1063,2023-04-15,3,6,22,23,24,38,30,7,3770311875,108347135000
1064,2023-04-22,3,6,9,18,22,35,14,19,1348168106,109427584000
1065,2023-04-29,3,18,19,23,32,45,24,14,1852593938,108181727000
1066,2023-05-06,6,11,16,19,21,32,45,15,1670947250,106440950000
1067,2023-05-13,7,10,19,23,28,33,18,13,1981114010,110703299000
1068,2023-05-20,4,7,19,26,33,35,3,19,1363929514,108988932000
1069,2023-05-27,1,10,18,22,28,31,44,14,1863217554,108388892000
1070,2023-06-03,3,6,14,22,30,41,36,14,1859116929,107222802000
1071,2023-06-10,1,2,11,21,30,35,39,5,5183979750,107362630000
1072,2023-06-17,16,18,20,23,32,43,27,12,2175006375,108156654000
1073,2023-06-24,6,18,28,30,32,38,15,11,2345227603,107352123000
1074,2023-07-01,1,6,20,27,28,41,15,12,2134763657,105744157000
1075,2023-07-08,1,23,24,35,44,45,10,9,2896337167,105635232000
1076,2023-07-15,3,7,9,33,36,37,10,9,2672689750,103168694000
1077,2023-07-22,4,8,17,30,40,43,34,7,3570901018,105927489000
1078,2023-07-29,6,10,11,14,36,38,43,12,2141604938,105407618000
1079,2023-08-05,4,8,18,24,37,45,6,9,2712329417,103120206000
1080,2023-08-12,13,16,23,31,36,44,38,7,3639444429,104111986000
1081,2023-08-19,1,9,16,23,24,38,17,11,2343892944,106974323000
1082,2023-08-26,21,26,27,32,34,42,31,7,3720489643,107566880000
1083,2023-09-02,3,7,14,15,22,38,17,15,1713084525,108995141000
1084,2023-09-09,8,12,13,29,33,42,5,15,1738764600,109818924000
1085,2023-09-16,4,7,17,18,38,44,36,23,1073277473,106249975000
1086,2023-09-23,11,16,25,27,35,36,37,17,1515913809,109250306000
1087,2023-09-30,13,14,18,21,34,44,16,16,1732253602,113960897000
1088,2023-10-07,11,21,22,30,39,44,31,11,2434697898,109089305000
1089,2023-10-14,4,18,31,37,42,43,40,9,2978522167,108725932000
1090,2023-10-21,12,19,21,29,40,45,1,11,2386494614,108364862000
1091,2023-10-28,6,20,23,24,28,30,44,9,2898470459,109335581000
1092,2023-11-04,7,18,19,26,33,45,37,16,1583289844,108970510000
1093,2023-11-11,10,17,22,30,35,43,44,13,1967040750,105589036000
1094,2023-11-18,6,7,15,22,26,40,41,12,2112854469,104078823000
1095,2023-11-25,8,14,28,29,34,40,12,10,2617825575,106160572000
1096,2023-12-02,1,12,16,19,23,43,34,10,2539391175,105753078000
1097,2023-12-09,14,33,34,35,37,40,4,7,3864293090,108873101000
1098,2023-12-16,12,16,21,24,41,43,15,13,1930461895,103850339000
1099,2023-12-23,3,20,28,38,40,43,4,9,2959934125,107510729000
1100,2023-12-30,17,26,29,30,31,43,12,13,2207575472,116187023000
1101,2024-01-06,6,7,13,28,36,42,41,13,2100529500,114758876000
1102,2024-01-13,13,14,22,26,37,38,20,20,1383591413,113178102000
1103,2024-01-20,10,12,29,31,40,44,2,17,1574419633,110195070000
1104,2024-01-27,1,7,21,30,35,38,2,15,1817193100,112449384000
1105,2024-02-03,6,16,34,37,39,40,11,15,1834853800,113295292000
1106,2024-02-10,1,3,4,29,42,45,36,11,2790462819,126617296000
1107,2024-02-17,6,14,30,31,40,41,29,14,2025625233,117664962000
1108,2024-02-24,7,19,26,37,39,44,27,14,1957990849,114578905000
1109,2024-03-02,10,12,13,19,33,40,2,17,1584352875,117196327000
1110,2024-03-09,3,7,11,20,22,41,24,16,1647392719,115083786000
1111,2024-03-16,3,13,30,33,43,45,4,16,1714662540,116382835000
1112,2024-03-23,16,20,26,36,42,44,24,10,2804455650,114216084000
1113,2024-03-30,11,13,20,21,32,44,8,14,1987426822,113342318000
1114,2024-04-06,10,16,19,32,33,38,3,17,1583813824,113597890000
1115,2024-04-13,7,12,23,32,34,36,8,12,2257278282,113939215000
1116,2024-04-20,15,16,17,25,30,31,32,10,2695000238,110862553000
1117,2024-04-27,3,4,9,30,33,36,7,9,3028385542,113895333000
1118,2024-05-04,11,13,14,15,16,45,3,19,1477445132,113727120000
1119,2024-05-11,1,9,12,13,20,45,3,19,1396028764,111840714000
1120,2024-05-18,2,19,26,31,38,41,34,11,2522163375,114804359000
1121,2024-05-25,6,24,31,32,38,44,8,11,2524513262,113898519000
1122,2024-06-01,3,6,21,30,34,35,22,11,2556266046,115540004000
1123,2024-06-08,13,19,21,24,34,35,26,16,1731310711,113142957000
1124,2024-06-15,3,8,17,30,33,34,28,10,2623327913,112014841000
1125,2024-06-22,6,14,25,33,40,44,30,12,2195289188,109407294000
1126,2024-06-29,4,5,9,11,37,40,7,11,2386382421,111998191000
1127,2024-07-06,10,15,24,30,31,37,32,12,2267891969,111571373000
1128,2024-07-13,1,5,8,16,28,33,45,63,419925560,111364194000
1129,2024-07-20,5,10,11,17,28,34,22,11,2369567660,110363498000
1130,2024-07-27,15,19,21,25,27,28,40,12,2263301219,109515089000
1131,2024-08-03,1,2,6,14,27,38,33,17,1542367898,109120798000
1132,2024-08-10,6,7,19,28,34,41,5,11,2404951807,110018123000
1133,2024-08-17,13,14,20,28,29,34,23,13,2105079491,111210839000
1134,2024-08-24,3,7,9,13,19,24,23,14,1755689384,111660087000
1135,2024-08-31,1,6,13,19,21,33,4,9,2953726125,113817137000
1136,2024-09-07,21,33,35,38,42,44,1,12,2314468157,113031911000
1137,2024-09-14,4,9,12,15,33,45,26,14,2023447688,119250007000
1138,2024-09-21,14,16,19,20,29,34,35,14,1902656786,109651510000
1139,2024-09-28,5,12,15,30,37,40,18,13,2167490972,117915887000
1140,2024-10-05,7,10,22,29,31,38,15,12,2279823938,115238556000
1141,2024-10-12,7,11,12,21,26,35,20,11,2457758285,115803173000
1142,2024-10-19,2,8,28,30,37,41,22,9,3117517709,114254355000
1143,2024-10-26,10,16,17,27,28,36,6,11,2545657023,116432896000
1144,2024-11-02,3,4,12,15,26,34,6,18,1489347375,116378514000
1145,2024-11-09,2,11,31,33,37,44,32,9,3051630084,116115162000
1146,2024-11-16,6,11,17,19,40,43,28,11,2526476353,116694743000
1147,2024-11-23,7,11,24,26,27,37,32,8,3323422079,115707061000
1148,2024-11-30,3,6,13,15,16,22,32,13,2073332308,113188640000
1149,2024-12-07,8,15,19,21,32,36,38,17,1613380765,112146718000
1150,2024-12-14,8,9,18,35,39,45,25,17,1570620309,114152034000
1151,2024-12-21,2,3,9,15,27,29,8,17,1620503030,116118444000
1152,2024-12-28,30,31,32,35,36,37,5,35,874349668,120703009000
1153,2025-01-04,1,9,10,13,35,44,5,15,2027312925,126343367000
1154,2025-01-11,4,8,22,26,32,38,27,15,1854965425,115268257000
1155,2025-01-18,10,16,19,27,37,38,13,7,4066375179,118482730000
1156,2025-01-25,30,31,34,39,41,45,7,21,1505207090,127643987000
1157,2025-02-01,5,7,12,20,25,26,28,12,2257842157,123443439000
1158,2025-02-08,21,25,27,32,37,38,20,21,1394358197,119706159000
1159,2025-02-15,3,9,27,28,38,39,7,23,1284854250,124802304000
1160,2025-02-22,7,13,18,36,39,45,19,12,2509359875,123177536000
1161,2025-03-01,2,12,20,24,34,42,37,16,1792657969,123230590000
1162,2025-03-08,20,21,22,25,28,29,6,36,823931021,120578328000
1163,2025-03-15,2,13,15,16,33,43,4,15,1936891150,122246316000
1164,2025-03-22,17,18,23,25,38,39,22,13,2193092164,121102645000
1165,2025-03-29,6,7,27,29,38,45,17,13,2192485270,118112106000
1166,2025-04-05,14,23,25,27,29,42,16,14,2072319938,116717661000
1167,2025-04-12,8,23,31,35,39,40,24,10,2884087913,118762131000
1168,2025-04-19,9,21,24,30,33,37,29,13,2136635914,117811795000
1169,2025-04-26,5,12,24,26,39,42,20,10,2852735813,118803195000
1170,2025-05-03,3,13,28,34,38,42,25,20,1386550969,116709995000
1171,2025-05-10,3,6,7,11,12,17,19,21,1128345286,115285696000
1172,2025-05-17,7,9,24,40,42,44,45,13,2203004452,117565241000
1173,2025-05-24,1,5,18,20,30,35,3,24,1179946063,118782668000
1174,2025-05-31,8,11,14,17,36,39,22,15,1910619425,119020467000
1175,2025-06-07,3,4,6,8,32,42,31,20,1384026094,117488305000
1176,2025-06-14,7,9,11,21,30,35,29,13,2052166154,115765450000
1177,2025-06-21,3,7,15,16,19,43,21,6,4576672000,115411832000
1178,2025-06-28,5,6,11,27,43,44,17,12,2391608407,118774279000
1179,2025-07-05,3,16,18,24,40,44,21,13,2162821097,115024678000
1180,2025-07-12,6,12,18,37,40,41,3,11,2535566421,115377965000
1181,2025-07-19,8,10,14,20,33,41,28,17,1593643500,113802682000
1182,2025-07-26,1,13,21,25,28,31,22,13,2124785424,115431308000
1183,2025-08-02,4,15,17,23,27,36,31,13,2073966000,115605968000
1184,2025-08-09,14,16,23,25,31,37,42,15,1910655600,117748924000
1185,2025-08-16,6,17,22,28,29,32,38,12,2388695125,117480804000
1186,2025-08-23,2,8,13,16,23,28,35,14,1985676911,116690738000
1187,2025-08-30,5,13,26,29,37,40,42,11,2619380012,117650847000
1188,2025-09-06,3,4,12,19,22,27,9,24,1074625172,116617971000
1189,2025-09-13,9,19,29,35,37,38,31,13,2263651299,119484685000
1190,2025-09-20,7,9,19,23,26,45,33,6,4622793813,118368861000
1191,2025-09-27,1,4,11,12,20,41,2,18,1536334355,121272809000
1192,2025-10-04,10,16,23,36,39,40,11,29,1079546587,129050196000
1193,2025-10-11,6,9,16,19,24,28,17,16,1717013508,118676603000
1194,2025-10-18,3,13,15,24,33,37,2,28,985155349,121085706000
1195,2025-10-25,3,15,27,33,34,36,37,10,2939186738,122918013000
1196,2025-11-01,8,12,15,29,40,45,14,15,2001627550,121645432000
1197,2025-11-08,1,5,7,26,28,43,30,13,2205089827,120244434000
1198,2025-11-15,26,30,33,38,39,41,21,10,2953686638,120207517000
1199,2025-11-22,16,24,25,30,31,32,7,17,1695609839,118624796000
1200,2025-11-29,1,2,4,16,20,32,45,12,2357299875,118339596000
1201,2025-12-06,7,9,24,27,35,36,37,19,1414555718,115389593000
1202,2025-12-13,5,12,21,33,37,40,7,14,1920410813,116954237000
1203,2025-12-20,3,6,18,29,35,39,24,21,1368060733,121655631000
1204,2025-12-27,8,16,28,30,31,44,27,18,1661007688,123758619000
1205,2026-01-03,1,4,16,23,31,41,2,10,3226386263,132670747000
1206,2026-01-10,1,3,17,26,27,42,23,15,1868807000,121012690000
1207,2026-01-17,10,22,24,27,38,45,11,17,1733202949,122934287000
1208,2026-01-24,6,27,30,36,38,42,25,6,5001713625,120408668000
1209,2026-01-31,2,17,20,35,37,39,24,22,1371910466,124040394000
1210,2026-02-07,1,7,9,17,27,38,31,24,1102298407,123111058000
1211,2026-02-14,23,26,27,35,38,40,10,14,2370956036,134945802000
1212,2026-02-21,5,8,25,31,41,44,45,12,2654089032,131727929000
1213,2026-02-28,5,11,25,27,36,38,2,18,1740011646,131111079000
1214,2026-03-07,10,15,19,27,30,33,14,12,2431577188,124815860000
1215,2026-03-14,13,15,19,21,44,45,39,16,1998542133,126977101000
1216,2026-03-21,3,10,14,15,23,24,25,14,2148654000,125556526000
1217,2026-03-28,8,10,15,20,29,31,41,14,2179738018,125155256000
1218,2026-04-04,3,28,31,32,42,45,25,18,1714482042,123335928000
1219,2026-04-11,1,2,15,28,39,45,31,12,2508232844,120945801000
1220,2026-04-18,2,22,25,28,34,43,16,14,2114514161,121958822000
1221,2026-04-25,6,13,18,28,30,36,9,16,1830801165,122979623000
1222,2026-05-02,4,11,17,22,32,41,34,24,1202986844,124243558000
1223,2026-05-09,16,18,20,32,33,39,26,16,1857554133,122621163000
1224,2026-05-16,9,18,21,27,44,45,28,12,2414855250,121110408000
1225,2026-05-23,8,9,19,25,41,42,33,13,2228133087,120402887000
1226,2026-05-30,4,6,13,17,26,28,41,10,2815230113,120259943000
1227,2026-06-06,1,14,16,34,41,44,13,11,2674808455,118882558000
1228,2026-06-13,24,29,30,31,35,44,1,11,2698334421,119052273000
